,index,date,name,title_text,content_text,link,date_b
0,0,29.abr.2024 às 8h00,Folha de S.Paulo - Cotidiano,"PM paulista dispensou teste de dano da bean bag, munição que matou torcedor","Poderia indicar também a se a munição, usada como armamento não letal, tinha chances de causar morte.
Foi o que ocorreu em setembro do ano passado. ...",https://www1.folha.uol.com.br/cotidiano/2024/04/pm-paulista-dispensou-teste-de-dano-da-bean-bag-municao-que-matou-torcedor.shtml,2024-04-29
1,1,5.abr.2019 às 13h07,Folha Blogs - Saída pela Direita,Feira no Rio retrata empolgação do setor de Defesa com governo Bolsonaro,"armamento ""não-letal"", como bombas de efeito moral, balas de borracha e gás lacrimogêneo. ...",http://saidapeladireita.blogfolha.uol.com.br/?p=532,2019-04-05
2,18,5.abr.2019 às 13h07,Folha Blogs - Saída pela Direita,Feira no Rio retrata empolgação do setor de Defesa com governo Bolsonaro,"armamento ""não-letal"", como bombas de efeito moral, balas de borracha e gás lacrimogêneo. ...",http://saidapeladireita.blogfolha.uol.com.br/?p=532,2019-04-05
3,3,18.nov.2014 à 0h00,Folha de S.Paulo - Mercado,País ganha 4.000 micro e pequenas empresas por dia,"A empresa disputa neste ano processos licitatórios para a entrega de armamento não letal em nove países do continente, diz Amorim. ...",http://www1.folha.uol.com.br/fsp/mercado/196100-pais-ganha-4000-micro-e-pequenas-empresas-por-dia.shtml,2014-11-18
4,2,18.nov.2014 às 3h00,Folha - Colunistas - Mercado Aberto,País ganha 4.000 micro e pequenas empresas por dia,"A empresa disputa neste ano processos licitatórios para a entrega de armamento não letal em nove países do continente, diz Amorim. ...",http://www1.folha.uol.com.br/colunas/mercadoaberto/2014/11/1549547-pais-ganha-4000-micro-e-pequenas-empresas-por-dia.shtml,2014-11-18
5,19,18.nov.2014 às 3h00,Folha - Colunistas - Mercado Aberto,País ganha 4.000 micro e pequenas empresas por dia,"A empresa disputa neste ano processos licitatórios para a entrega de armamento não letal em nove países do continente, diz Amorim. ...",http://www1.folha.uol.com.br/colunas/mercadoaberto/2014/11/1549547-pais-ganha-4000-micro-e-pequenas-empresas-por-dia.shtml,2014-11-18
6,51,18.nov.2014 à 0h00,Folha de S.Paulo - Mercado,País ganha 4.000 micro e pequenas empresas por dia,"A empresa disputa neste ano processos licitatórios para a entrega de armamento não letal em nove países do continente, diz Amorim. ...",http://www1.folha.uol.com.br/fsp/mercado/196100-pais-ganha-4000-micro-e-pequenas-empresas-por-dia.shtml,2014-11-18
7,36,18.nov.2014 à 0h00,Folha de S.Paulo - Mercado,País ganha 4.000 micro e pequenas empresas por dia,"A empresa disputa neste ano processos licitatórios para a entrega de armamento não letal em nove países do continente, diz Amorim. ...",http://www1.folha.uol.com.br/fsp/mercado/196100-pais-ganha-4000-micro-e-pequenas-empresas-por-dia.shtml,2014-11-18
8,35,18.nov.2014 às 3h00,Folha - Colunistas - Mercado Aberto,País ganha 4.000 micro e pequenas empresas por dia,"A empresa disputa neste ano processos licitatórios para a entrega de armamento não letal em nove países do continente, diz Amorim. ...",http://www1.folha.uol.com.br/colunas/mercadoaberto/2014/11/1549547-pais-ganha-4000-micro-e-pequenas-empresas-por-dia.shtml,2014-11-18
9,20,18.nov.2014 à 0h00,Folha de S.Paulo - Mercado,País ganha 4.000 micro e pequenas empresas por dia,"A empresa disputa neste ano processos licitatórios para a entrega de armamento não letal em nove países do continente, diz Amorim. ...",http://www1.folha.uol.com.br/fsp/mercado/196100-pais-ganha-4000-micro-e-pequenas-empresas-por-dia.shtml,2014-11-18
10,4,21.jul.2014 às 4h39,Folha de S.Paulo - Cotidiano,PM utiliza bombas de gás para impedir ocupação de prédio no centro de SP,"A arma não letal pertence ao lote ACL-E fabricado em maio de 2008 e com validade até maio de 2014, produzido pela brasileira Condor Tecnologias Não-Letais. ...",http://www1.folha.uol.com.br/cotidiano/2014/07/1488926-pm-utiliza-bombas-de-gas-para-impedir-ocupacao-de-predio-no-centro-de-sp.shtml,2014-07-21
11,66,21.jul.2014 às 4h39,Folha de S.Paulo - Cotidiano,PM utiliza bombas de gás para impedir ocupação de prédio no centro de SP,"A arma não letal pertence ao lote ACL-E fabricado em maio de 2008 e com validade até maio de 2014, produzido pela brasileira Condor Tecnologias Não-Letais. ...",http://www1.folha.uol.com.br/cotidiano/2014/07/1488926-pm-utiliza-bombas-de-gas-para-impedir-ocupacao-de-predio-no-centro-de-sp.shtml,2014-07-21
12,37,21.jul.2014 às 4h39,Folha de S.Paulo - Cotidiano,PM utiliza bombas de gás para impedir ocupação de prédio no centro de SP,"A arma não letal pertence ao lote ACL-E fabricado em maio de 2008 e com validade até maio de 2014, produzido pela brasileira Condor Tecnologias Não-Letais. ...",http://www1.folha.uol.com.br/cotidiano/2014/07/1488926-pm-utiliza-bombas-de-gas-para-impedir-ocupacao-de-predio-no-centro-de-sp.shtml,2014-07-21
13,21,21.jul.2014 às 4h39,Folha de S.Paulo - Cotidiano,PM utiliza bombas de gás para impedir ocupação de prédio no centro de SP,"A arma não letal pertence ao lote ACL-E fabricado em maio de 2008 e com validade até maio de 2014, produzido pela brasileira Condor Tecnologias Não-Letais. ...",http://www1.folha.uol.com.br/cotidiano/2014/07/1488926-pm-utiliza-bombas-de-gas-para-impedir-ocupacao-de-predio-no-centro-de-sp.shtml,2014-07-21
14,52,21.jul.2014 às 4h39,Folha de S.Paulo - Cotidiano,PM utiliza bombas de gás para impedir ocupação de prédio no centro de SP,"A arma não letal pertence ao lote ACL-E fabricado em maio de 2008 e com validade até maio de 2014, produzido pela brasileira Condor Tecnologias Não-Letais. ...",http://www1.folha.uol.com.br/cotidiano/2014/07/1488926-pm-utiliza-bombas-de-gas-para-impedir-ocupacao-de-predio-no-centro-de-sp.shtml,2014-07-21
15,80,14.jun.2013 às 15h32,Folha de S.Paulo - São Paulo,PM usou gás lacrimogêneo vencido para dispersar manifestação em SP,"A manifestação de quinta-feira (13), no Centro de São Paulo, foi o segundo ato da semana dispersado pela Polícia Militar do Estado com a utilização de armamento não letal com prazo de validade ...",http://www1.folha.uol.com.br/saopaulo/2013/06/1295110-pm-usou-gas-lacrimogeneo-vencido-para-dispersar-manifestacao-em-sp.shtml,2013-06-14
16,53,14.jun.2013 às 15h32,Folha de S.Paulo - São Paulo,PM usou gás lacrimogêneo vencido para dispersar manifestação em SP,"A manifestação de quinta-feira (13), no Centro de São Paulo, foi o segundo ato da semana dispersado pela Polícia Militar do Estado com a utilização de armamento não letal com prazo de validade ...",http://www1.folha.uol.com.br/saopaulo/2013/06/1295110-pm-usou-gas-lacrimogeneo-vencido-para-dispersar-manifestacao-em-sp.shtml,2013-06-14
17,38,14.jun.2013 às 15h32,Folha de S.Paulo - São Paulo,PM usou gás lacrimogêneo vencido para dispersar manifestação em SP,"A manifestação de quinta-feira (13), no Centro de São Paulo, foi o segundo ato da semana dispersado pela Polícia Militar do Estado com a utilização de armamento não letal com prazo de validade ...",http://www1.folha.uol.com.br/saopaulo/2013/06/1295110-pm-usou-gas-lacrimogeneo-vencido-para-dispersar-manifestacao-em-sp.shtml,2013-06-14
18,22,14.jun.2013 às 15h32,Folha de S.Paulo - São Paulo,PM usou gás lacrimogêneo vencido para dispersar manifestação em SP,"A manifestação de quinta-feira (13), no Centro de São Paulo, foi o segundo ato da semana dispersado pela Polícia Militar do Estado com a utilização de armamento não letal com prazo de validade ...",http://www1.folha.uol.com.br/saopaulo/2013/06/1295110-pm-usou-gas-lacrimogeneo-vencido-para-dispersar-manifestacao-em-sp.shtml,2013-06-14
19,67,14.jun.2013 às 15h32,Folha de S.Paulo - São Paulo,PM usou gás lacrimogêneo vencido para dispersar manifestação em SP,"A manifestação de quinta-feira (13), no Centro de São Paulo, foi o segundo ato da semana dispersado pela Polícia Militar do Estado com a utilização de armamento não letal com prazo de validade ...",http://www1.folha.uol.com.br/saopaulo/2013/06/1295110-pm-usou-gas-lacrimogeneo-vencido-para-dispersar-manifestacao-em-sp.shtml,2013-06-14
20,5,14.jun.2013 às 15h32,Folha de S.Paulo - São Paulo,PM usou gás lacrimogêneo vencido para dispersar manifestação em SP,"A manifestação de quinta-feira (13), no Centro de São Paulo, foi o segundo ato da semana dispersado pela Polícia Militar do Estado com a utilização de armamento não letal com prazo de validade ...",http://www1.folha.uol.com.br/saopaulo/2013/06/1295110-pm-usou-gas-lacrimogeneo-vencido-para-dispersar-manifestacao-em-sp.shtml,2013-06-14
21,81,5.jun.2013 às 12h08,Folha de S.Paulo - Mundo,"No Twitter, Paulo Coelho critica venda de bombas de gás para Turquia",", de tecnologia não letal, com sede no Rio. ...",http://www1.folha.uol.com.br/mundo/2013/06/1290100-no-twitter-paulo-coelho-critica-venda-de-bombas-de-gas-para-turquia.shtml,2013-06-05
22,93,5.jun.2013 às 12h08,Folha de S.Paulo - Mundo,"No Twitter, Paulo Coelho critica venda de bombas de gás para Turquia",", de tecnologia não letal, com sede no Rio. ...",http://www1.folha.uol.com.br/mundo/2013/06/1290100-no-twitter-paulo-coelho-critica-venda-de-bombas-de-gas-para-turquia.shtml,2013-06-05
23,54,5.jun.2013 às 12h08,Folha de S.Paulo - Mundo,"No Twitter, Paulo Coelho critica venda de bombas de gás para Turquia",", de tecnologia não letal, com sede no Rio. ...",http://www1.folha.uol.com.br/mundo/2013/06/1290100-no-twitter-paulo-coelho-critica-venda-de-bombas-de-gas-para-turquia.shtml,2013-06-05
24,23,5.jun.2013 às 12h08,Folha de S.Paulo - Mundo,"No Twitter, Paulo Coelho critica venda de bombas de gás para Turquia",", de tecnologia não letal, com sede no Rio. ...",http://www1.folha.uol.com.br/mundo/2013/06/1290100-no-twitter-paulo-coelho-critica-venda-de-bombas-de-gas-para-turquia.shtml,2013-06-05
25,6,5.jun.2013 às 12h08,Folha de S.Paulo - Mundo,"No Twitter, Paulo Coelho critica venda de bombas de gás para Turquia",", de tecnologia não letal, com sede no Rio. ...",http://www1.folha.uol.com.br/mundo/2013/06/1290100-no-twitter-paulo-coelho-critica-venda-de-bombas-de-gas-para-turquia.shtml,2013-06-05
26,68,5.jun.2013 às 12h08,Folha de S.Paulo - Mundo,"No Twitter, Paulo Coelho critica venda de bombas de gás para Turquia",", de tecnologia não letal, com sede no Rio. ...",http://www1.folha.uol.com.br/mundo/2013/06/1290100-no-twitter-paulo-coelho-critica-venda-de-bombas-de-gas-para-turquia.shtml,2013-06-05
27,39,5.jun.2013 às 12h08,Folha de S.Paulo - Mundo,"No Twitter, Paulo Coelho critica venda de bombas de gás para Turquia",", de tecnologia não letal, com sede no Rio. ...",http://www1.folha.uol.com.br/mundo/2013/06/1290100-no-twitter-paulo-coelho-critica-venda-de-bombas-de-gas-para-turquia.shtml,2013-06-05
28,55,4.jun.2013 às 14h07,Folha de S.Paulo - Mundo,Turquia usa gás lacrimogêneo feito no Brasil em repressão a protestos,"Foram encontradas nas ruas do país latas vendidas pela empresa brasileira Condor, de tecnologia não letal, com sede no Rio. ...",http://www1.folha.uol.com.br/mundo/2013/06/1289567-turquia-usa-gas-lacrimogeneo-feito-no-brasil-em-repressao-a-protestos.shtml,2013-06-04
29,7,4.jun.2013 às 14h07,Folha de S.Paulo - Mundo,Turquia usa gás lacrimogêneo feito no Brasil em repressão a protestos,"Foram encontradas nas ruas do país latas vendidas pela empresa brasileira Condor, de tecnologia não letal, com sede no Rio. ...",http://www1.folha.uol.com.br/mundo/2013/06/1289567-turquia-usa-gas-lacrimogeneo-feito-no-brasil-em-repressao-a-protestos.shtml,2013-06-04
30,40,4.jun.2013 às 14h07,Folha de S.Paulo - Mundo,Turquia usa gás lacrimogêneo feito no Brasil em repressão a protestos,"Foram encontradas nas ruas do país latas vendidas pela empresa brasileira Condor, de tecnologia não letal, com sede no Rio. ...",http://www1.folha.uol.com.br/mundo/2013/06/1289567-turquia-usa-gas-lacrimogeneo-feito-no-brasil-em-repressao-a-protestos.shtml,2013-06-04
31,82,4.jun.2013 às 14h07,Folha de S.Paulo - Mundo,Turquia usa gás lacrimogêneo feito no Brasil em repressão a protestos,"Foram encontradas nas ruas do país latas vendidas pela empresa brasileira Condor, de tecnologia não letal, com sede no Rio. ...",http://www1.folha.uol.com.br/mundo/2013/06/1289567-turquia-usa-gas-lacrimogeneo-feito-no-brasil-em-repressao-a-protestos.shtml,2013-06-04
32,69,4.jun.2013 às 14h07,Folha de S.Paulo - Mundo,Turquia usa gás lacrimogêneo feito no Brasil em repressão a protestos,"Foram encontradas nas ruas do país latas vendidas pela empresa brasileira Condor, de tecnologia não letal, com sede no Rio. ...",http://www1.folha.uol.com.br/mundo/2013/06/1289567-turquia-usa-gas-lacrimogeneo-feito-no-brasil-em-repressao-a-protestos.shtml,2013-06-04
33,94,4.jun.2013 às 14h07,Folha de S.Paulo - Mundo,Turquia usa gás lacrimogêneo feito no Brasil em repressão a protestos,"Foram encontradas nas ruas do país latas vendidas pela empresa brasileira Condor, de tecnologia não letal, com sede no Rio. ...",http://www1.folha.uol.com.br/mundo/2013/06/1289567-turquia-usa-gas-lacrimogeneo-feito-no-brasil-em-repressao-a-protestos.shtml,2013-06-04
34,24,4.jun.2013 às 14h07,Folha de S.Paulo - Mundo,Turquia usa gás lacrimogêneo feito no Brasil em repressão a protestos,"Foram encontradas nas ruas do país latas vendidas pela empresa brasileira Condor, de tecnologia não letal, com sede no Rio. ...",http://www1.folha.uol.com.br/mundo/2013/06/1289567-turquia-usa-gas-lacrimogeneo-feito-no-brasil-em-repressao-a-protestos.shtml,2013-06-04
35,105,4.jun.2013 às 14h07,Folha de S.Paulo - Mundo,Turquia usa gás lacrimogêneo feito no Brasil em repressão a protestos,"Foram encontradas nas ruas do país latas vendidas pela empresa brasileira Condor, de tecnologia não letal, com sede no Rio. ...",http://www1.folha.uol.com.br/mundo/2013/06/1289567-turquia-usa-gas-lacrimogeneo-feito-no-brasil-em-repressao-a-protestos.shtml,2013-06-04
36,8,2.set.2012 às 6h04,Folha de S.Paulo - Cotidiano - Ribeirão Preto,Observatório aposta em tecnologia para a segurança,"""Hoje há tecnologia suficiente para não se usar arma de fogo, mas mesmo uma arma não letal, de mobilização, pode matar se não houver orientação científica e técnica"", disse. ...",http://www1.folha.uol.com.br/cotidiano/ribeiraopreto/1146934-observatorio-aposta-em-tecnologia-para-a-seguranca.shtml,2012-09-02
37,25,2.set.2012 às 6h04,Folha de S.Paulo - Cotidiano - Ribeirão Preto,Observatório aposta em tecnologia para a segurança,"""Hoje há tecnologia suficiente para não se usar arma de fogo, mas mesmo uma arma não letal, de mobilização, pode matar se não houver orientação científica e técnica"", disse. ...",http://www1.folha.uol.com.br/cotidiano/ribeiraopreto/1146934-observatorio-aposta-em-tecnologia-para-a-seguranca.shtml,2012-09-02
38,116,2.set.2012 às 6h04,Folha de S.Paulo - Cotidiano - Ribeirão Preto,Observatório aposta em tecnologia para a segurança,"""Hoje há tecnologia suficiente para não se usar arma de fogo, mas mesmo uma arma não letal, de mobilização, pode matar se não houver orientação científica e técnica"", disse. ...",http://www1.folha.uol.com.br/cotidiano/ribeiraopreto/1146934-observatorio-aposta-em-tecnologia-para-a-seguranca.shtml,2012-09-02
39,95,2.set.2012 às 6h04,Folha de S.Paulo - Cotidiano - Ribeirão Preto,Observatório aposta em tecnologia para a segurança,"""Hoje há tecnologia suficiente para não se usar arma de fogo, mas mesmo uma arma não letal, de mobilização, pode matar se não houver orientação científica e técnica"", disse. ...",http://www1.folha.uol.com.br/cotidiano/ribeiraopreto/1146934-observatorio-aposta-em-tecnologia-para-a-seguranca.shtml,2012-09-02
40,56,2.set.2012 às 6h04,Folha de S.Paulo - Cotidiano - Ribeirão Preto,Observatório aposta em tecnologia para a segurança,"""Hoje há tecnologia suficiente para não se usar arma de fogo, mas mesmo uma arma não letal, de mobilização, pode matar se não houver orientação científica e técnica"", disse. ...",http://www1.folha.uol.com.br/cotidiano/ribeiraopreto/1146934-observatorio-aposta-em-tecnologia-para-a-seguranca.shtml,2012-09-02
41,41,2.set.2012 às 6h04,Folha de S.Paulo - Cotidiano - Ribeirão Preto,Observatório aposta em tecnologia para a segurança,"""Hoje há tecnologia suficiente para não se usar arma de fogo, mas mesmo uma arma não letal, de mobilização, pode matar se não houver orientação científica e técnica"", disse. ...",http://www1.folha.uol.com.br/cotidiano/ribeiraopreto/1146934-observatorio-aposta-em-tecnologia-para-a-seguranca.shtml,2012-09-02
42,83,2.set.2012 às 6h04,Folha de S.Paulo - Cotidiano - Ribeirão Preto,Observatório aposta em tecnologia para a segurança,"""Hoje há tecnologia suficiente para não se usar arma de fogo, mas mesmo uma arma não letal, de mobilização, pode matar se não houver orientação científica e técnica"", disse. ...",http://www1.folha.uol.com.br/cotidiano/ribeiraopreto/1146934-observatorio-aposta-em-tecnologia-para-a-seguranca.shtml,2012-09-02
43,70,2.set.2012 às 6h04,Folha de S.Paulo - Cotidiano - Ribeirão Preto,Observatório aposta em tecnologia para a segurança,"""Hoje há tecnologia suficiente para não se usar arma de fogo, mas mesmo uma arma não letal, de mobilização, pode matar se não houver orientação científica e técnica"", disse. ...",http://www1.folha.uol.com.br/cotidiano/ribeiraopreto/1146934-observatorio-aposta-em-tecnologia-para-a-seguranca.shtml,2012-09-02
44,106,2.set.2012 às 6h04,Folha de S.Paulo - Cotidiano - Ribeirão Preto,Observatório aposta em tecnologia para a segurança,"""Hoje há tecnologia suficiente para não se usar arma de fogo, mas mesmo uma arma não letal, de mobilização, pode matar se não houver orientação científica e técnica"", disse. ...",http://www1.folha.uol.com.br/cotidiano/ribeiraopreto/1146934-observatorio-aposta-em-tecnologia-para-a-seguranca.shtml,2012-09-02
45,57,8.ago.2011 às 10h00,Folha de S.Paulo - Ambiente,Kit de patrulhamento ambiental terá spray de pimenta sem licitação,"""Acho totalmente pertinente usar arma não letal. ...",http://www1.folha.uol.com.br/ambiente/956102-kit-de-patrulhamento-ambiental-tera-spray-de-pimenta-sem-licitacao.shtml,2011-08-08
46,84,8.ago.2011 às 10h00,Folha de S.Paulo - Ambiente,Kit de patrulhamento ambiental terá spray de pimenta sem licitação,"""Acho totalmente pertinente usar arma não letal. ...",http://www1.folha.uol.com.br/ambiente/956102-kit-de-patrulhamento-ambiental-tera-spray-de-pimenta-sem-licitacao.shtml,2011-08-08
47,107,8.ago.2011 às 10h00,Folha de S.Paulo - Ambiente,Kit de patrulhamento ambiental terá spray de pimenta sem licitação,"""Acho totalmente pertinente usar arma não letal. ...",http://www1.folha.uol.com.br/ambiente/956102-kit-de-patrulhamento-ambiental-tera-spray-de-pimenta-sem-licitacao.shtml,2011-08-08
48,96,8.ago.2011 às 10h00,Folha de S.Paulo - Ambiente,Kit de patrulhamento ambiental terá spray de pimenta sem licitação,"""Acho totalmente pertinente usar arma não letal. ...",http://www1.folha.uol.com.br/ambiente/956102-kit-de-patrulhamento-ambiental-tera-spray-de-pimenta-sem-licitacao.shtml,2011-08-08
49,126,8.ago.2011 às 10h00,Folha de S.Paulo - Ambiente,Kit de patrulhamento ambiental terá spray de pimenta sem licitação,"""Acho totalmente pertinente usar arma não letal. ...",http://www1.folha.uol.com.br/ambiente/956102-kit-de-patrulhamento-ambiental-tera-spray-de-pimenta-sem-licitacao.shtml,2011-08-08
50,9,8.ago.2011 às 10h00,Folha de S.Paulo - Ambiente,Kit de patrulhamento ambiental terá spray de pimenta sem licitação,"""Acho totalmente pertinente usar arma não letal. ...",http://www1.folha.uol.com.br/ambiente/956102-kit-de-patrulhamento-ambiental-tera-spray-de-pimenta-sem-licitacao.shtml,2011-08-08
51,71,8.ago.2011 às 10h00,Folha de S.Paulo - Ambiente,Kit de patrulhamento ambiental terá spray de pimenta sem licitação,"""Acho totalmente pertinente usar arma não letal. ...",http://www1.folha.uol.com.br/ambiente/956102-kit-de-patrulhamento-ambiental-tera-spray-de-pimenta-sem-licitacao.shtml,2011-08-08
52,117,8.ago.2011 às 10h00,Folha de S.Paulo - Ambiente,Kit de patrulhamento ambiental terá spray de pimenta sem licitação,"""Acho totalmente pertinente usar arma não letal. ...",http://www1.folha.uol.com.br/ambiente/956102-kit-de-patrulhamento-ambiental-tera-spray-de-pimenta-sem-licitacao.shtml,2011-08-08
53,26,8.ago.2011 às 10h00,Folha de S.Paulo - Ambiente,Kit de patrulhamento ambiental terá spray de pimenta sem licitação,"""Acho totalmente pertinente usar arma não letal. ...",http://www1.folha.uol.com.br/ambiente/956102-kit-de-patrulhamento-ambiental-tera-spray-de-pimenta-sem-licitacao.shtml,2011-08-08
54,42,8.ago.2011 às 10h00,Folha de S.Paulo - Ambiente,Kit de patrulhamento ambiental terá spray de pimenta sem licitação,"""Acho totalmente pertinente usar arma não letal. ...",http://www1.folha.uol.com.br/ambiente/956102-kit-de-patrulhamento-ambiental-tera-spray-de-pimenta-sem-licitacao.shtml,2011-08-08
55,10,7.ago.2011 à 0h00,Folha de S.Paulo - Ciência,Armados e perigosos,"""Acho totalmente pertinente usar arma não letal. É uma incongruência expor a vida em área ambiental, onde nossa missão é protegê-la"", afirmou o presidente do instituto, Rômulo Mello. ...",http://www1.folha.uol.com.br/fsp/ciencia/fe0708201101.htm,2011-08-07
56,118,7.ago.2011 à 0h00,Folha de S.Paulo - Ciência,Armados e perigosos,"""Acho totalmente pertinente usar arma não letal. É uma incongruência expor a vida em área ambiental, onde nossa missão é protegê-la"", afirmou o presidente do instituto, Rômulo Mello. ...",http://www1.folha.uol.com.br/fsp/ciencia/fe0708201101.htm,2011-08-07
57,108,7.ago.2011 à 0h00,Folha de S.Paulo - Ciência,Armados e perigosos,"""Acho totalmente pertinente usar arma não letal. É uma incongruência expor a vida em área ambiental, onde nossa missão é protegê-la"", afirmou o presidente do instituto, Rômulo Mello. ...",http://www1.folha.uol.com.br/fsp/ciencia/fe0708201101.htm,2011-08-07
58,27,7.ago.2011 à 0h00,Folha de S.Paulo - Ciência,Armados e perigosos,"""Acho totalmente pertinente usar arma não letal. É uma incongruência expor a vida em área ambiental, onde nossa missão é protegê-la"", afirmou o presidente do instituto, Rômulo Mello. ...",http://www1.folha.uol.com.br/fsp/ciencia/fe0708201101.htm,2011-08-07
59,97,7.ago.2011 à 0h00,Folha de S.Paulo - Ciência,Armados e perigosos,"""Acho totalmente pertinente usar arma não letal. É uma incongruência expor a vida em área ambiental, onde nossa missão é protegê-la"", afirmou o presidente do instituto, Rômulo Mello. ...",http://www1.folha.uol.com.br/fsp/ciencia/fe0708201101.htm,2011-08-07
60,127,7.ago.2011 à 0h00,Folha de S.Paulo - Ciência,Armados e perigosos,"""Acho totalmente pertinente usar arma não letal. É uma incongruência expor a vida em área ambiental, onde nossa missão é protegê-la"", afirmou o presidente do instituto, Rômulo Mello. ...",http://www1.folha.uol.com.br/fsp/ciencia/fe0708201101.htm,2011-08-07
61,72,7.ago.2011 à 0h00,Folha de S.Paulo - Ciência,Armados e perigosos,"""Acho totalmente pertinente usar arma não letal. É uma incongruência expor a vida em área ambiental, onde nossa missão é protegê-la"", afirmou o presidente do instituto, Rômulo Mello. ...",http://www1.folha.uol.com.br/fsp/ciencia/fe0708201101.htm,2011-08-07
62,43,7.ago.2011 à 0h00,Folha de S.Paulo - Ciência,Armados e perigosos,"""Acho totalmente pertinente usar arma não letal. É uma incongruência expor a vida em área ambiental, onde nossa missão é protegê-la"", afirmou o presidente do instituto, Rômulo Mello. ...",http://www1.folha.uol.com.br/fsp/ciencia/fe0708201101.htm,2011-08-07
63,85,7.ago.2011 à 0h00,Folha de S.Paulo - Ciência,Armados e perigosos,"""Acho totalmente pertinente usar arma não letal. É uma incongruência expor a vida em área ambiental, onde nossa missão é protegê-la"", afirmou o presidente do instituto, Rômulo Mello. ...",http://www1.folha.uol.com.br/fsp/ciencia/fe0708201101.htm,2011-08-07
64,58,7.ago.2011 à 0h00,Folha de S.Paulo - Ciência,Armados e perigosos,"""Acho totalmente pertinente usar arma não letal. É uma incongruência expor a vida em área ambiental, onde nossa missão é protegê-la"", afirmou o presidente do instituto, Rômulo Mello. ...",http://www1.folha.uol.com.br/fsp/ciencia/fe0708201101.htm,2011-08-07
65,86,10.abr.2008 à 0h00,,Bope faz publicidade de empresa de armas,"De acordo com coronel Milagres, o BPChoque será usado 
como um ""modelo"" do uso de 
armamento não-letal a ser expandido para os outros batalhões do Estado. ...",http://www1.folha.uol.com.br/fsp/cotidian/ff1004200823.htm,2008-04-10
66,109,10.abr.2008 à 0h00,,Bope faz publicidade de empresa de armas,"De acordo com coronel Milagres, o BPChoque será usado 
como um ""modelo"" do uso de 
armamento não-letal a ser expandido para os outros batalhões do Estado. ...",http://www1.folha.uol.com.br/fsp/cotidian/ff1004200823.htm,2008-04-10
67,44,10.abr.2008 à 0h00,,Bope faz publicidade de empresa de armas,"De acordo com coronel Milagres, o BPChoque será usado 
como um ""modelo"" do uso de 
armamento não-letal a ser expandido para os outros batalhões do Estado. ...",http://www1.folha.uol.com.br/fsp/cotidian/ff1004200823.htm,2008-04-10
68,119,10.abr.2008 à 0h00,,Bope faz publicidade de empresa de armas,"De acordo com coronel Milagres, o BPChoque será usado 
como um ""modelo"" do uso de 
armamento não-letal a ser expandido para os outros batalhões do Estado. ...",http://www1.folha.uol.com.br/fsp/cotidian/ff1004200823.htm,2008-04-10
69,98,10.abr.2008 à 0h00,,Bope faz publicidade de empresa de armas,"De acordo com coronel Milagres, o BPChoque será usado 
como um ""modelo"" do uso de 
armamento não-letal a ser expandido para os outros batalhões do Estado. ...",http://www1.folha.uol.com.br/fsp/cotidian/ff1004200823.htm,2008-04-10
70,128,10.abr.2008 à 0h00,,Bope faz publicidade de empresa de armas,"De acordo com coronel Milagres, o BPChoque será usado 
como um ""modelo"" do uso de 
armamento não-letal a ser expandido para os outros batalhões do Estado. ...",http://www1.folha.uol.com.br/fsp/cotidian/ff1004200823.htm,2008-04-10
71,73,10.abr.2008 à 0h00,,Bope faz publicidade de empresa de armas,"De acordo com coronel Milagres, o BPChoque será usado 
como um ""modelo"" do uso de 
armamento não-letal a ser expandido para os outros batalhões do Estado. ...",http://www1.folha.uol.com.br/fsp/cotidian/ff1004200823.htm,2008-04-10
72,28,10.abr.2008 à 0h00,,Bope faz publicidade de empresa de armas,"De acordo com coronel Milagres, o BPChoque será usado 
como um ""modelo"" do uso de 
armamento não-letal a ser expandido para os outros batalhões do Estado. ...",http://www1.folha.uol.com.br/fsp/cotidian/ff1004200823.htm,2008-04-10
73,59,10.abr.2008 à 0h00,,Bope faz publicidade de empresa de armas,"De acordo com coronel Milagres, o BPChoque será usado 
como um ""modelo"" do uso de 
armamento não-letal a ser expandido para os outros batalhões do Estado. ...",http://www1.folha.uol.com.br/fsp/cotidian/ff1004200823.htm,2008-04-10
74,11,10.abr.2008 à 0h00,,Bope faz publicidade de empresa de armas,"De acordo com coronel Milagres, o BPChoque será usado 
como um ""modelo"" do uso de 
armamento não-letal a ser expandido para os outros batalhões do Estado. ...",http://www1.folha.uol.com.br/fsp/cotidian/ff1004200823.htm,2008-04-10
75,129,23.abr.2007 à 0h00,,Voluntários fazem fila para levar choque em feira de material bélico no Rio,"Eu dou um 
choque de 50 mil volts e o cara me agradece"", diz Eduardo Terra, instrutor no funcionamento da pistola Taser, 
uma arma não-letal para uso 
da polícia e das Forças Armadas que causava ...",http://www1.folha.uol.com.br/fsp/brasil/fc2304200714.htm,2007-04-23
76,29,23.abr.2007 à 0h00,,Voluntários fazem fila para levar choque em feira de material bélico no Rio,"Eu dou um 
choque de 50 mil volts e o cara me agradece"", diz Eduardo Terra, instrutor no funcionamento da pistola Taser, 
uma arma não-letal para uso 
da polícia e das Forças Armadas que causava ...",http://www1.folha.uol.com.br/fsp/brasil/fc2304200714.htm,2007-04-23
77,110,23.abr.2007 à 0h00,,Voluntários fazem fila para levar choque em feira de material bélico no Rio,"Eu dou um 
choque de 50 mil volts e o cara me agradece"", diz Eduardo Terra, instrutor no funcionamento da pistola Taser, 
uma arma não-letal para uso 
da polícia e das Forças Armadas que causava ...",http://www1.folha.uol.com.br/fsp/brasil/fc2304200714.htm,2007-04-23
78,12,23.abr.2007 à 0h00,,Voluntários fazem fila para levar choque em feira de material bélico no Rio,"Eu dou um 
choque de 50 mil volts e o cara me agradece"", diz Eduardo Terra, instrutor no funcionamento da pistola Taser, 
uma arma não-letal para uso 
da polícia e das Forças Armadas que causava ...",http://www1.folha.uol.com.br/fsp/brasil/fc2304200714.htm,2007-04-23
79,120,23.abr.2007 à 0h00,,Voluntários fazem fila para levar choque em feira de material bélico no Rio,"Eu dou um 
choque de 50 mil volts e o cara me agradece"", diz Eduardo Terra, instrutor no funcionamento da pistola Taser, 
uma arma não-letal para uso 
da polícia e das Forças Armadas que causava ...",http://www1.folha.uol.com.br/fsp/brasil/fc2304200714.htm,2007-04-23
80,74,23.abr.2007 à 0h00,,Voluntários fazem fila para levar choque em feira de material bélico no Rio,"Eu dou um 
choque de 50 mil volts e o cara me agradece"", diz Eduardo Terra, instrutor no funcionamento da pistola Taser, 
uma arma não-letal para uso 
da polícia e das Forças Armadas que causava ...",http://www1.folha.uol.com.br/fsp/brasil/fc2304200714.htm,2007-04-23
81,60,23.abr.2007 à 0h00,,Voluntários fazem fila para levar choque em feira de material bélico no Rio,"Eu dou um 
choque de 50 mil volts e o cara me agradece"", diz Eduardo Terra, instrutor no funcionamento da pistola Taser, 
uma arma não-letal para uso 
da polícia e das Forças Armadas que causava ...",http://www1.folha.uol.com.br/fsp/brasil/fc2304200714.htm,2007-04-23
82,99,23.abr.2007 à 0h00,,Voluntários fazem fila para levar choque em feira de material bélico no Rio,"Eu dou um 
choque de 50 mil volts e o cara me agradece"", diz Eduardo Terra, instrutor no funcionamento da pistola Taser, 
uma arma não-letal para uso 
da polícia e das Forças Armadas que causava ...",http://www1.folha.uol.com.br/fsp/brasil/fc2304200714.htm,2007-04-23
83,45,23.abr.2007 à 0h00,,Voluntários fazem fila para levar choque em feira de material bélico no Rio,"Eu dou um 
choque de 50 mil volts e o cara me agradece"", diz Eduardo Terra, instrutor no funcionamento da pistola Taser, 
uma arma não-letal para uso 
da polícia e das Forças Armadas que causava ...",http://www1.folha.uol.com.br/fsp/brasil/fc2304200714.htm,2007-04-23
84,87,23.abr.2007 à 0h00,,Voluntários fazem fila para levar choque em feira de material bélico no Rio,"Eu dou um 
choque de 50 mil volts e o cara me agradece"", diz Eduardo Terra, instrutor no funcionamento da pistola Taser, 
uma arma não-letal para uso 
da polícia e das Forças Armadas que causava ...",http://www1.folha.uol.com.br/fsp/brasil/fc2304200714.htm,2007-04-23
85,88,5.dez.2003 às 13h37,Folha de S.Paulo - Bbc,Líbano quer comprar armamentos do Brasil para vender ao Iraque,"Um grupo de trading libanês entrou em contato com o governo brasileiro para tentar comprar armamento não-letal do país para vendê-lo ao Iraque.O interesse é em equipamentos como capacetes, ...",http://www1.folha.uol.com.br/folha/bbc/ult272u26701.shtml,2003-12-05
86,30,5.dez.2003 às 13h37,Folha de S.Paulo - Bbc,Líbano quer comprar armamentos do Brasil para vender ao Iraque,"Um grupo de trading libanês entrou em contato com o governo brasileiro para tentar comprar armamento não-letal do país para vendê-lo ao Iraque.O interesse é em equipamentos como capacetes, ...",http://www1.folha.uol.com.br/folha/bbc/ult272u26701.shtml,2003-12-05
87,100,5.dez.2003 às 13h37,Folha de S.Paulo - Bbc,Líbano quer comprar armamentos do Brasil para vender ao Iraque,"Um grupo de trading libanês entrou em contato com o governo brasileiro para tentar comprar armamento não-letal do país para vendê-lo ao Iraque.O interesse é em equipamentos como capacetes, ...",http://www1.folha.uol.com.br/folha/bbc/ult272u26701.shtml,2003-12-05
88,111,5.dez.2003 às 13h37,Folha de S.Paulo - Bbc,Líbano quer comprar armamentos do Brasil para vender ao Iraque,"Um grupo de trading libanês entrou em contato com o governo brasileiro para tentar comprar armamento não-letal do país para vendê-lo ao Iraque.O interesse é em equipamentos como capacetes, ...",http://www1.folha.uol.com.br/folha/bbc/ult272u26701.shtml,2003-12-05
89,130,5.dez.2003 às 13h37,Folha de S.Paulo - Bbc,Líbano quer comprar armamentos do Brasil para vender ao Iraque,"Um grupo de trading libanês entrou em contato com o governo brasileiro para tentar comprar armamento não-letal do país para vendê-lo ao Iraque.O interesse é em equipamentos como capacetes, ...",http://www1.folha.uol.com.br/folha/bbc/ult272u26701.shtml,2003-12-05
90,13,5.dez.2003 às 13h37,Folha de S.Paulo - Bbc,Líbano quer comprar armamentos do Brasil para vender ao Iraque,"Um grupo de trading libanês entrou em contato com o governo brasileiro para tentar comprar armamento não-letal do país para vendê-lo ao Iraque.O interesse é em equipamentos como capacetes, ...",http://www1.folha.uol.com.br/folha/bbc/ult272u26701.shtml,2003-12-05
91,75,5.dez.2003 às 13h37,Folha de S.Paulo - Bbc,Líbano quer comprar armamentos do Brasil para vender ao Iraque,"Um grupo de trading libanês entrou em contato com o governo brasileiro para tentar comprar armamento não-letal do país para vendê-lo ao Iraque.O interesse é em equipamentos como capacetes, ...",http://www1.folha.uol.com.br/folha/bbc/ult272u26701.shtml,2003-12-05
92,61,5.dez.2003 às 13h37,Folha de S.Paulo - Bbc,Líbano quer comprar armamentos do Brasil para vender ao Iraque,"Um grupo de trading libanês entrou em contato com o governo brasileiro para tentar comprar armamento não-letal do país para vendê-lo ao Iraque.O interesse é em equipamentos como capacetes, ...",http://www1.folha.uol.com.br/folha/bbc/ult272u26701.shtml,2003-12-05
93,46,5.dez.2003 às 13h37,Folha de S.Paulo - Bbc,Líbano quer comprar armamentos do Brasil para vender ao Iraque,"Um grupo de trading libanês entrou em contato com o governo brasileiro para tentar comprar armamento não-letal do país para vendê-lo ao Iraque.O interesse é em equipamentos como capacetes, ...",http://www1.folha.uol.com.br/folha/bbc/ult272u26701.shtml,2003-12-05
94,121,5.dez.2003 às 13h37,Folha de S.Paulo - Bbc,Líbano quer comprar armamentos do Brasil para vender ao Iraque,"Um grupo de trading libanês entrou em contato com o governo brasileiro para tentar comprar armamento não-letal do país para vendê-lo ao Iraque.O interesse é em equipamentos como capacetes, ...",http://www1.folha.uol.com.br/folha/bbc/ult272u26701.shtml,2003-12-05
95,131,30.abr.2003 às 4h59,Folha de S.Paulo - Cotidiano,Feira em SP mostra apetrechos não-letais,"Uma arma chamada não-letal pode até matar se não for usada adequadamente"", disse José Danghesi, diretor da Interdefesa.Segundo José Carlos Ramalho, representante da Welser Itage, que comercializa ...",http://www1.folha.uol.com.br/folha/cotidiano/ult95u73954.shtml,2003-04-30
96,122,30.abr.2003 às 4h59,Folha de S.Paulo - Cotidiano,Feira em SP mostra apetrechos não-letais,"Uma arma chamada não-letal pode até matar se não for usada adequadamente"", disse José Danghesi, diretor da Interdefesa.Segundo José Carlos Ramalho, representante da Welser Itage, que comercializa ...",http://www1.folha.uol.com.br/folha/cotidiano/ult95u73954.shtml,2003-04-30
97,48,30.abr.2003 à 0h00,,Segurança: Feira em SP mostra apetrechos não-letais,"""Uma arma chamada não-letal 
pode até matar se não for usada 
adequadamente"", disse José Danghesi, diretor da Interdefesa. ...",http://www1.folha.uol.com.br/fsp/cotidian/ff3004200313.htm,2003-04-30
98,47,30.abr.2003 às 4h59,Folha de S.Paulo - Cotidiano,Feira em SP mostra apetrechos não-letais,"Uma arma chamada não-letal pode até matar se não for usada adequadamente"", disse José Danghesi, diretor da Interdefesa.Segundo José Carlos Ramalho, representante da Welser Itage, que comercializa ...",http://www1.folha.uol.com.br/folha/cotidiano/ult95u73954.shtml,2003-04-30
99,112,30.abr.2003 às 4h59,Folha de S.Paulo - Cotidiano,Feira em SP mostra apetrechos não-letais,"Uma arma chamada não-letal pode até matar se não for usada adequadamente"", disse José Danghesi, diretor da Interdefesa.Segundo José Carlos Ramalho, representante da Welser Itage, que comercializa ...",http://www1.folha.uol.com.br/folha/cotidiano/ult95u73954.shtml,2003-04-30
100,113,30.abr.2003 à 0h00,,Segurança: Feira em SP mostra apetrechos não-letais,"""Uma arma chamada não-letal 
pode até matar se não for usada 
adequadamente"", disse José Danghesi, diretor da Interdefesa. ...",http://www1.folha.uol.com.br/fsp/cotidian/ff3004200313.htm,2003-04-30
101,15,30.abr.2003 à 0h00,,Segurança: Feira em SP mostra apetrechos não-letais,"""Uma arma chamada não-letal 
pode até matar se não for usada 
adequadamente"", disse José Danghesi, diretor da Interdefesa. ...",http://www1.folha.uol.com.br/fsp/cotidian/ff3004200313.htm,2003-04-30
102,77,30.abr.2003 à 0h00,,Segurança: Feira em SP mostra apetrechos não-letais,"""Uma arma chamada não-letal 
pode até matar se não for usada 
adequadamente"", disse José Danghesi, diretor da Interdefesa. ...",http://www1.folha.uol.com.br/fsp/cotidian/ff3004200313.htm,2003-04-30
103,102,30.abr.2003 à 0h00,,Segurança: Feira em SP mostra apetrechos não-letais,"""Uma arma chamada não-letal 
pode até matar se não for usada 
adequadamente"", disse José Danghesi, diretor da Interdefesa. ...",http://www1.folha.uol.com.br/fsp/cotidian/ff3004200313.htm,2003-04-30
104,101,30.abr.2003 às 4h59,Folha de S.Paulo - Cotidiano,Feira em SP mostra apetrechos não-letais,"Uma arma chamada não-letal pode até matar se não for usada adequadamente"", disse José Danghesi, diretor da Interdefesa.Segundo José Carlos Ramalho, representante da Welser Itage, que comercializa ...",http://www1.folha.uol.com.br/folha/cotidiano/ult95u73954.shtml,2003-04-30
105,31,30.abr.2003 às 4h59,Folha de S.Paulo - Cotidiano,Feira em SP mostra apetrechos não-letais,"Uma arma chamada não-letal pode até matar se não for usada adequadamente"", disse José Danghesi, diretor da Interdefesa.Segundo José Carlos Ramalho, representante da Welser Itage, que comercializa ...",http://www1.folha.uol.com.br/folha/cotidiano/ult95u73954.shtml,2003-04-30
106,32,30.abr.2003 à 0h00,,Segurança: Feira em SP mostra apetrechos não-letais,"""Uma arma chamada não-letal 
pode até matar se não for usada 
adequadamente"", disse José Danghesi, diretor da Interdefesa. ...",http://www1.folha.uol.com.br/fsp/cotidian/ff3004200313.htm,2003-04-30
107,123,30.abr.2003 à 0h00,,Segurança: Feira em SP mostra apetrechos não-letais,"""Uma arma chamada não-letal 
pode até matar se não for usada 
adequadamente"", disse José Danghesi, diretor da Interdefesa. ...",http://www1.folha.uol.com.br/fsp/cotidian/ff3004200313.htm,2003-04-30
108,90,30.abr.2003 à 0h00,,Segurança: Feira em SP mostra apetrechos não-letais,"""Uma arma chamada não-letal 
pode até matar se não for usada 
adequadamente"", disse José Danghesi, diretor da Interdefesa. ...",http://www1.folha.uol.com.br/fsp/cotidian/ff3004200313.htm,2003-04-30
109,89,30.abr.2003 às 4h59,Folha de S.Paulo - Cotidiano,Feira em SP mostra apetrechos não-letais,"Uma arma chamada não-letal pode até matar se não for usada adequadamente"", disse José Danghesi, diretor da Interdefesa.Segundo José Carlos Ramalho, representante da Welser Itage, que comercializa ...",http://www1.folha.uol.com.br/folha/cotidiano/ult95u73954.shtml,2003-04-30
110,132,30.abr.2003 à 0h00,,Segurança: Feira em SP mostra apetrechos não-letais,"""Uma arma chamada não-letal 
pode até matar se não for usada 
adequadamente"", disse José Danghesi, diretor da Interdefesa. ...",http://www1.folha.uol.com.br/fsp/cotidian/ff3004200313.htm,2003-04-30
111,14,30.abr.2003 às 4h59,Folha de S.Paulo - Cotidiano,Feira em SP mostra apetrechos não-letais,"Uma arma chamada não-letal pode até matar se não for usada adequadamente"", disse José Danghesi, diretor da Interdefesa.Segundo José Carlos Ramalho, representante da Welser Itage, que comercializa ...",http://www1.folha.uol.com.br/folha/cotidiano/ult95u73954.shtml,2003-04-30
112,76,30.abr.2003 às 4h59,Folha de S.Paulo - Cotidiano,Feira em SP mostra apetrechos não-letais,"Uma arma chamada não-letal pode até matar se não for usada adequadamente"", disse José Danghesi, diretor da Interdefesa.Segundo José Carlos Ramalho, representante da Welser Itage, que comercializa ...",http://www1.folha.uol.com.br/folha/cotidiano/ult95u73954.shtml,2003-04-30
113,62,30.abr.2003 às 4h59,Folha de S.Paulo - Cotidiano,Feira em SP mostra apetrechos não-letais,"Uma arma chamada não-letal pode até matar se não for usada adequadamente"", disse José Danghesi, diretor da Interdefesa.Segundo José Carlos Ramalho, representante da Welser Itage, que comercializa ...",http://www1.folha.uol.com.br/folha/cotidiano/ult95u73954.shtml,2003-04-30
114,63,30.abr.2003 à 0h00,,Segurança: Feira em SP mostra apetrechos não-letais,"""Uma arma chamada não-letal 
pode até matar se não for usada 
adequadamente"", disse José Danghesi, diretor da Interdefesa. ...",http://www1.folha.uol.com.br/fsp/cotidian/ff3004200313.htm,2003-04-30
115,133,27.mar.2001 à 0h00,,"Segurança: Tropa de choque passa a usar bomba ""macia""","O não-letal, 
na verdade, é um conceito.""
A operação da tropa de choque 
na penitenciária foi criticada pelos familiares, que acusaram a PM 
de ter sido violenta. ...",http://www1.folha.uol.com.br/fsp/cotidian/ff2703200153.htm,2001-03-27
116,125,27.mar.2001 à 0h00,,"Segurança: Tropa de choque passa a usar bomba ""macia""","O 
não-letal, na verdade, é um conceito"", diz Botelho. ...",http://www1.folha.uol.com.br/fsp/cotidian/ff2703200115.htm,2001-03-27
117,124,27.mar.2001 à 0h00,,"Segurança: Tropa de choque passa a usar bomba ""macia""","O não-letal, 
na verdade, é um conceito.""
A operação da tropa de choque 
na penitenciária foi criticada pelos familiares, que acusaram a PM 
de ter sido violenta. ...",http://www1.folha.uol.com.br/fsp/cotidian/ff2703200153.htm,2001-03-27
118,17,27.mar.2001 à 0h00,,"Segurança: Tropa de choque passa a usar bomba ""macia""","O 
não-letal, na verdade, é um conceito"", diz Botelho. ...",http://www1.folha.uol.com.br/fsp/cotidian/ff2703200115.htm,2001-03-27
119,115,27.mar.2001 à 0h00,,"Segurança: Tropa de choque passa a usar bomba ""macia""","O 
não-letal, na verdade, é um conceito"", diz Botelho. ...",http://www1.folha.uol.com.br/fsp/cotidian/ff2703200115.htm,2001-03-27
120,114,27.mar.2001 à 0h00,,"Segurança: Tropa de choque passa a usar bomba ""macia""","O não-letal, 
na verdade, é um conceito.""
A operação da tropa de choque 
na penitenciária foi criticada pelos familiares, que acusaram a PM 
de ter sido violenta. ...",http://www1.folha.uol.com.br/fsp/cotidian/ff2703200153.htm,2001-03-27
121,104,27.mar.2001 à 0h00,,"Segurança: Tropa de choque passa a usar bomba ""macia""","O 
não-letal, na verdade, é um conceito"", diz Botelho. ...",http://www1.folha.uol.com.br/fsp/cotidian/ff2703200115.htm,2001-03-27
122,103,27.mar.2001 à 0h00,,"Segurança: Tropa de choque passa a usar bomba ""macia""","O não-letal, 
na verdade, é um conceito.""
A operação da tropa de choque 
na penitenciária foi criticada pelos familiares, que acusaram a PM 
de ter sido violenta. ...",http://www1.folha.uol.com.br/fsp/cotidian/ff2703200153.htm,2001-03-27
123,92,27.mar.2001 à 0h00,,"Segurança: Tropa de choque passa a usar bomba ""macia""","O 
não-letal, na verdade, é um conceito"", diz Botelho. ...",http://www1.folha.uol.com.br/fsp/cotidian/ff2703200115.htm,2001-03-27
124,91,27.mar.2001 à 0h00,,"Segurança: Tropa de choque passa a usar bomba ""macia""","O não-letal, 
na verdade, é um conceito.""
A operação da tropa de choque 
na penitenciária foi criticada pelos familiares, que acusaram a PM 
de ter sido violenta. ...",http://www1.folha.uol.com.br/fsp/cotidian/ff2703200153.htm,2001-03-27
125,79,27.mar.2001 à 0h00,,"Segurança: Tropa de choque passa a usar bomba ""macia""","O 
não-letal, na verdade, é um conceito"", diz Botelho. ...",http://www1.folha.uol.com.br/fsp/cotidian/ff2703200115.htm,2001-03-27
126,78,27.mar.2001 à 0h00,,"Segurança: Tropa de choque passa a usar bomba ""macia""","O não-letal, 
na verdade, é um conceito.""
A operação da tropa de choque 
na penitenciária foi criticada pelos familiares, que acusaram a PM 
de ter sido violenta. ...",http://www1.folha.uol.com.br/fsp/cotidian/ff2703200153.htm,2001-03-27
127,16,27.mar.2001 à 0h00,,"Segurança: Tropa de choque passa a usar bomba ""macia""","O não-letal, 
na verdade, é um conceito.""
A operação da tropa de choque 
na penitenciária foi criticada pelos familiares, que acusaram a PM 
de ter sido violenta. ...",http://www1.folha.uol.com.br/fsp/cotidian/ff2703200153.htm,2001-03-27
128,65,27.mar.2001 à 0h00,,"Segurança: Tropa de choque passa a usar bomba ""macia""","O 
não-letal, na verdade, é um conceito"", diz Botelho. ...",http://www1.folha.uol.com.br/fsp/cotidian/ff2703200115.htm,2001-03-27
129,64,27.mar.2001 à 0h00,,"Segurança: Tropa de choque passa a usar bomba ""macia""","O não-letal, 
na verdade, é um conceito.""
A operação da tropa de choque 
na penitenciária foi criticada pelos familiares, que acusaram a PM 
de ter sido violenta. ...",http://www1.folha.uol.com.br/fsp/cotidian/ff2703200153.htm,2001-03-27
130,50,27.mar.2001 à 0h00,,"Segurança: Tropa de choque passa a usar bomba ""macia""","O 
não-letal, na verdade, é um conceito"", diz Botelho. ...",http://www1.folha.uol.com.br/fsp/cotidian/ff2703200115.htm,2001-03-27
131,49,27.mar.2001 à 0h00,,"Segurança: Tropa de choque passa a usar bomba ""macia""","O não-letal, 
na verdade, é um conceito.""
A operação da tropa de choque 
na penitenciária foi criticada pelos familiares, que acusaram a PM 
de ter sido violenta. ...",http://www1.folha.uol.com.br/fsp/cotidian/ff2703200153.htm,2001-03-27
132,34,27.mar.2001 à 0h00,,"Segurança: Tropa de choque passa a usar bomba ""macia""","O 
não-letal, na verdade, é um conceito"", diz Botelho. ...",http://www1.folha.uol.com.br/fsp/cotidian/ff2703200115.htm,2001-03-27
133,33,27.mar.2001 à 0h00,,"Segurança: Tropa de choque passa a usar bomba ""macia""","O não-letal, 
na verdade, é um conceito.""
A operação da tropa de choque 
na penitenciária foi criticada pelos familiares, que acusaram a PM 
de ter sido violenta. ...",http://www1.folha.uol.com.br/fsp/cotidian/ff2703200153.htm,2001-03-27
134,134,27.mar.2001 à 0h00,,"Segurança: Tropa de choque passa a usar bomba ""macia""","O 
não-letal, na verdade, é um conceito"", diz Botelho. ...",http://www1.folha.uol.com.br/fsp/cotidian/ff2703200115.htm,2001-03-27
