,index,date,name,title_text,content_text,link,date_b,condor,guarda,disparo,matou,morto,mortos,morte,morreu,feriu,bala,fatal,n√£o letal,n√£o-letal,n√£o letais,n√£o-letais
0,129,h√° 10 horas,G1,Dupla √© presa suspeita de praticar assaltos na Gruta e no Farol...,"Condutor √© abordado por manobra perigosa em Macei√≥ e pol√≠cia encontra arma
Um homem foi preso na noite deste domingo (14... ‚Äî ... de cerveja na m√£o no momento da abordagem. No ve√≠culo, a pol√≠cia encontrou uma arma, muni√ß√µes, uma peruca e uma balaclava...",//www.globo.com/busca/click?q=%22armas+n%C3%A3o+letais%22&p=130&r=1721093819750&u=https%3A%2F%2Fg1.globo.com%2Fal%2Falagoas%2Fnoticia%2F2024%2F07%2F15%2Fdupla-e-presa-suspeita-de-praticar-assaltos-na-gruta-e-no-farol-em-maceio.ghtml&syn=False&key=b7b1bce4ad147274c1623477a59fe921,2024-07-15 20:11:16.049001,0.0,0.0,0.0,0.0,0.0,0.0,0.0,0.0,0.0,1.0,0.0,0.0,0.0,0.0,0.0
1,102,h√° 6 horas,G1,"Tiroteio no Recife acaba com homem morto, dois presos em casa a...","... Batalh√£o faziam uma ronda na √°rea quando ouviram disparos de arma de fogo na localidade.
A Pol√≠cia Militar contou... ‚Äî ... no bairro do Pina, na Zona Sul do Recife. A Pol√≠cia Militar (PM) informou que dois suspeitos foram presos com uma arma e muni√ß√µes...",//www.globo.com/busca/click?q=%22armas+n%C3%A3o+letais%22&p=103&r=1721082979640&u=https%3A%2F%2Fg1.globo.com%2Fpe%2Fpernambuco%2Fnoticia%2F2024%2F07%2F14%2Fdois-homens-sao-presos-em-casa-abandonada-apos-tiroteio-que-deixou-um-morto-no-recife.ghtml&syn=False&key=307a0711982a66d8d5f5d0c027e8263e,2024-07-15 20:11:16.030695,0.0,0.0,1.0,0.0,0.0,0.0,0.0,0.0,0.0,0.0,0.0,0.0,0.0,0.0,0.0
2,77,h√° 11 horas,G1,Chacina em Limoeiro do Norte: um suspeito √© preso e outro morre...,"... a identidade informada.
Durante a abordagem, o suspeito tentou fugir e se desfazer de uma arma de fogo, mas foi capturado. Os agentes... ‚Äî ... pelos crimes de homic√≠dio, tr√°fico il√≠cito de drogas e porte ilegal de arma de fogo de uso restrito.
Morto em confronto
Pol√≠cia apreendeu...",//www.globo.com/busca/click?q=%22armas+n%C3%A3o+letais%22&p=78&r=1721083772614&u=https%3A%2F%2Fg1.globo.com%2Fce%2Fceara%2Fnoticia%2F2024%2F07%2F15%2Fchacina-em-limoeiro-do-norte-um-suspeito-e-preso-e-outro-morre-em-confronto-com-a-policia.ghtml&syn=False&key=74e13d67fe92e1e9199da498d0385cae,2024-07-15 20:11:16.007556,0.0,0.0,0.0,0.0,1.0,0.0,0.0,0.0,0.0,0.0,0.0,0.0,0.0,0.0,0.0
3,75,h√° 4 horas,G1,Dois homens s√£o mortos e casal √© baleado em bar em Fortaleza,"... de arma de fogo nas proximidades da Rua Eudes Cardoso com a Rua Vicente Nobre Macedo.
No endere√ßo, os militares foram alertados...",//www.globo.com/busca/click?q=%22armas+n%C3%A3o+letais%22&p=76&r=1721083772610&u=https%3A%2F%2Fg1.globo.com%2Fce%2Fceara%2Fnoticia%2F2024%2F07%2F15%2Fdois-homens-sao-mortos-e-casal-e-baleado-em-bar-em-fortaleza.ghtml&syn=False&key=18afdd4db6ba2456c4233f14d0024625,2024-07-15 20:11:16.007556,0.0,0.0,0.0,0.0,0.0,0.0,0.0,0.0,0.0,0.0,0.0,0.0,0.0,0.0,0.0
4,79,h√° 5 horas,G1,Justi√ßa concede liberdade provis√≥ria para pai de menina morta p...,"Menina de 9 anos morre ap√≥s ser atingida por tiro acidental de arma do pai em Bragan√ßa Paulista, SP
Divulga√ß√£o/Pol√≠cia Civil... ‚Äî ...
O homem de 53 anos, respons√°vel pela arma de fogo que disparou acidentalmente e matou a filha em Bragan√ßa Paulista (SP), foi solto...",//www.globo.com/busca/click?q=%22armas+n%C3%A3o+letais%22&p=80&r=1721083772619&u=https%3A%2F%2Fg1.globo.com%2Fsp%2Fvale-do-paraiba-regiao%2Fnoticia%2F2024%2F07%2F15%2Fjustica-concede-liberdade-provisoria-para-pai-de-menina-morta-por-tiro-acidental-em-braganca-paulista.ghtml&syn=False&key=618d6d5b28d876cadd214445bab983c0,2024-07-15 20:11:16.007556,0.0,0.0,1.0,1.0,0.0,0.0,0.0,0.0,0.0,0.0,0.0,0.0,0.0,0.0,0.0
5,53,h√° 8 horas,G1,Pol√≠cia Civil apreende arma e drogas em opera√ß√£o para desarticu...,"..., mais 2 homens foram presos em flagrante por posse ilegal de arma de fogo, em Terra Santa/PA.
""A opera√ß√£o visou desarticular... ‚Äî ... de pris√£o foram cumpridos e mais 2 pessoas foram presas em flagrante por posse ilegal de arma de fogo"", disse o delegado...",//www.globo.com/busca/click?q=%22armas+n%C3%A3o+letais%22&p=54&r=1721083503994&u=https%3A%2F%2Fg1.globo.com%2Fpa%2Fsantarem-regiao%2Fnoticia%2F2024%2F07%2F12%2Fpolicia-civil-apreende-arma-e-drogas-em-operacao-para-desarticular-grupo-que-furtou-quase-r-1-milhao-em-terra-santa.ghtml&syn=False&key=23f258bc22b3b4e5ff2ee437fc2be8bb,2024-07-15 20:11:15.990668,0.0,0.0,0.0,0.0,0.0,0.0,0.0,0.0,0.0,0.0,0.0,0.0,0.0,0.0,0.0
6,52,h√° 8 horas,G1,Atentado contra Trump: senadores no Brasil querem usar caso par...,"... pelo ex-presidente dos Estados Unidos Donald Trump, no s√°bado (13), serve de exemplo para o Brasil restringir a venda e o uso de armas... ‚Äî ... no pa√≠s.
O pol√≠tico afirmou ao blog que pretende usar o epis√≥dio como argumento a favor de incluir as armas e muni√ß√µes na lista...",sem link,2024-07-15 20:11:15.990668,0.0,0.0,0.0,0.0,0.0,0.0,0.0,0.0,0.0,0.0,0.0,0.0,0.0,0.0,0.0
7,48,h√° 1 hora,G1,Irm√£o que confessou ter matado policial tem pedido de soltura n...,"..., o irm√£o de Tiago entrou na casa, pegou a arma, voltou para a √°rea externa e atirou contra o soldado, que foi baleado. Em seguida... ‚Äî Soldado Tiago White e a arma usada pelo irm√£o para mat√°-lo, em Urua√ßu
Reprodu√ß√£o/TV Anhanguera
O homem que confessou ter matado...",//www.globo.com/busca/click?q=%22armas+n%C3%A3o+letais%22&p=49&r=1721083503950&u=https%3A%2F%2Fg1.globo.com%2Fgo%2Fgoias%2Fnoticia%2F2024%2F07%2F15%2Fsuspeito-de-matar-irmao-policial-tem-pedido-de-soltura-negado.ghtml&syn=False&key=b0b44db8d91b2613425987bd02f1b8c5,2024-07-15 20:11:15.989047,0.0,0.0,0.0,0.0,0.0,0.0,0.0,0.0,0.0,0.0,0.0,0.0,0.0,0.0,0.0
8,47,h√° 23 horas,O Globo,Lewandowski sobre atentado a Trump: aumento de armas em poder d...,"..."" e reiterou suas cr√≠ticas ao acesso a armas e muni√ß√µes por civis. Para ele, o tr√°gico epis√≥dio deste fim de semana mostra... ‚Äî ... eleitoral na Pensilv√¢nia
‚Äî O aumento indiscriminado de armas de fogo em poder dos cidad√£os comuns n√£o representa apenas um risco...",//www.globo.com/busca/click?q=%22armas+n%C3%A3o+letais%22&p=48&r=1721083503948&u=https%3A%2F%2Foglobo.globo.com%2Fmundo%2Fnoticia%2F2024%2F07%2F14%2Flewandowski-sobre-atentado-a-trump-aumento-de-armas-em-poder-dos-cidadaos-coloca-em-xeque-a-democracia.ghtml&syn=False&key=19a9e30d13a41a5d95ff427ce31a38f4,2024-07-15 20:11:15.988045,0.0,0.0,0.0,0.0,0.0,0.0,0.0,0.0,0.0,0.0,0.0,0.0,0.0,0.0,0.0
9,45,h√° 43 minutos,O Globo,Homem √© preso por importar ilegalmente fuzil anti-drones,".... A pris√£o foi feita pela Pol√≠cia Federal, em conjunto com a Receita Federal, que avisou sobre uma remessa da arma vindo da √Åsia... ‚Äî ... de invas√µes
Os policiais federais da Delegacia de Repress√£o a Crimes Contra o Patrim√¥nio e ao Tr√°fico de Armas prenderam o homem...",//www.globo.com/busca/click?q=%22armas+n%C3%A3o+letais%22&p=46&r=1721083503943&u=https%3A%2F%2Foglobo.globo.com%2Frio%2Fnoticia%2F2024%2F07%2F15%2Fhomem-e-preso-ao-importar-ilegalmente-fuzil-anti-drones.ghtml&syn=False&key=dba3d25ed32fdd3ea965d48abbfa69b4,2024-07-15 20:11:15.987013,0.0,0.0,0.0,0.0,0.0,0.0,0.0,0.0,0.0,0.0,0.0,0.0,0.0,0.0,0.0
10,43,h√° 43 minutos,G1,Justi√ßa Militar ouve testemunhas na 1¬™ audi√™ncia do caso dos 8 ...,"... do furto de 21 armas do Arsenal de Guerra do Ex√©rcito em Barueri, na regi√£o metropolitana. 
O furto de 13 metralhadoras .50 M2 HB... ‚Äî ... (PCC), em S√£o Paulo, e para o Comando Vermelho (CV), no Rio de Janeiro.
At√© a √∫ltima atualiza√ß√£o desta reportagem, 19 armas foram...",//www.globo.com/busca/click?q=%22armas+n%C3%A3o+letais%22&p=44&r=1721082978786&u=https%3A%2F%2Fg1.globo.com%2Fsp%2Fsao-paulo%2Fnoticia%2F2024%2F07%2F15%2Fjustica-militar-ouve-testemunhas-na-1a-audiencia-do-caso-dos-8-reus-acusados-de-participar-do-furto-de-21-armas-do-exercito-em-quartel.ghtml&syn=False&key=39f07dbed1fc14976b1e0a12dc3f7531,2024-07-15 20:11:15.985016,0.0,0.0,0.0,0.0,0.0,0.0,0.0,0.0,0.0,0.0,0.0,0.0,0.0,0.0,0.0
11,36,h√° 3 horas,G1,V√çDEO: Delegado tem arma roubada durante assalto em Fortaleza; ...,"Delegado tem arma roubada durante assalto em Fortaleza
Um delegado da Pol√≠cia Civil teve a arma roubada durante um assalto na Rua... ‚Äî ... o agente com armas e o obrigaram a deitar na cal√ßada.
Grupo rende delegado e rouba arma do agente no Bairro de F√°tima, em Fortaleza...",//www.globo.com/busca/click?q=%22armas+n%C3%A3o+letais%22&p=37&r=1721082978697&u=https%3A%2F%2Fg1.globo.com%2Fce%2Fceara%2Fnoticia%2F2024%2F07%2F15%2Fvideo-delegado-tem-arma-roubada-durante-assalto-em-fortaleza-tres-sao-presos.ghtml&syn=False&key=b9c667fe6e41f7e7d12d25c0d5ebe3c3,2024-07-15 20:11:15.974015,0.0,0.0,0.0,0.0,0.0,0.0,0.0,0.0,0.0,0.0,0.0,0.0,0.0,0.0,0.0
12,34,h√° 2 horas,G1,V√≠deo mostra quando policial √© morto a tiros com a pr√≥pria arma...,"... impedir as agress√µes. 
A c√¢mera registra que, ap√≥s ser agredido, o irm√£o de Tiago entrou na casa, pegou a arma, voltou para a √°rea... ‚Äî V√≠deo mostra quando irm√£o √© espancado, pega arma de policial e o mata durante anivers√°rio
C√¢meras de monitoramento registraram...",//www.globo.com/busca/click?q=%22armas+n%C3%A3o+letais%22&p=35&r=1721082978691&u=https%3A%2F%2Fg1.globo.com%2Fgo%2Fgoias%2Fnoticia%2F2024%2F07%2F15%2Fvideo-mostra-quando-irmao-e-espancado-pega-arma-de-policial-e-o-mata-durante-comemoracao-de-aniversario.ghtml&syn=False&key=169378f7de4bda13036f1b5184f8faff,2024-07-15 20:11:15.972020,0.0,0.0,0.0,0.0,0.0,0.0,0.0,0.0,0.0,0.0,0.0,0.0,0.0,0.0,0.0
13,32,h√° 33 minutos,O Globo,"Ordo: Castro fala em 'ca√ßa' a criminosos, relata vazamento da o...","... problema‚Äù do Rio atualmente s√£o as armas, apontadas por ele como respons√°veis pelo ‚Äún√≠vel de sensa√ß√£o de inseguran√ßa que temos hoje... ‚Äî ... sobre a abordagem a adolescentes em Ipanema s√≥ depois de ‚Äúavacalhar‚Äù com a pol√≠cia.  
‚Äî Essas armas, quando saem do Leste europeu...",//www.globo.com/busca/click?q=%22armas+n%C3%A3o+letais%22&p=33&r=1721082978684&u=https%3A%2F%2Foglobo.globo.com%2Frio%2Fnoticia%2F2024%2F07%2F15%2Fordo-castro-fala-em-caca-aos-criminosos-relata-vazamento-da-acao-e-pede-rompimento-diplomatico-com-paises-de-origem-de-armas.ghtml&syn=False&key=831b9a6052a2e282bbc44ae9cbac1929,2024-07-15 20:11:15.970018,0.0,0.0,0.0,0.0,0.0,0.0,0.0,0.0,0.0,0.0,0.0,0.0,0.0,0.0,0.0
14,27,h√° 8 horas,JA 1¬™ Edi√ß√£o - Regional,Homem √© preso suspeito de amea√ßar fam√≠lia com arma falsa,Dono de im√≥vel amea√ßou inquilinos por causa de d√≠vida de aluguel.,//www.globo.com/busca/click?q=%22armas+n%C3%A3o+letais%22&p=28&r=1721093816889&u=https%3A%2F%2Fgloboplay.globo.com%2Fv%2F12758349%2F&syn=False&key=a72c253c8b4157c06e5887920df01a16,2024-07-15 20:11:15.956335,0.0,0.0,0.0,0.0,0.0,0.0,0.0,0.0,0.0,0.0,0.0,0.0,0.0,0.0,0.0
15,19,h√° 4 horas,No Rancho Fundo,Deodora amea√ßa Vespertino com sua pr√≥pria arma,Zefa passa a m√£o na cabe√ßa de Ariosto e v√™ a pr√≥pria palma da m√£o suja de sangue. Deodora pega a arma de Vespertino e esvazia...,//www.globo.com/busca/click?q=%22armas+n%C3%A3o+letais%22&p=20&r=1721093816848&u=https%3A%2F%2Fgloboplay.globo.com%2Fv%2F12756814%2F&syn=False&key=018fb7080c910127269782fd2409b5f7,2024-07-15 20:11:15.956335,0.0,0.0,0.0,0.0,0.0,0.0,0.0,0.0,0.0,0.0,0.0,0.0,0.0,0.0,0.0
16,23,h√° 7 horas,JPB1,Pol√≠cia apreende armas e drogas na Ilha do Bispo,Karine Ten√≥rio tem os detalhes da opera√ß√£o.,//www.globo.com/busca/click?q=%22armas+n%C3%A3o+letais%22&p=24&r=1721093816869&u=https%3A%2F%2Fgloboplay.globo.com%2Fv%2F12758631%2F&syn=False&key=4dfef1707895215d18a19a2306450df0,2024-07-15 20:11:15.956335,0.0,0.0,0.0,0.0,0.0,0.0,0.0,0.0,0.0,0.0,0.0,0.0,0.0,0.0,0.0
17,24,h√° 8 horas,JA 1¬™ Edi√ß√£o,Casos de viol√™ncia contra a mulher resultam em pris√µes e apreen...,Pol√≠cia age em duas ocorr√™ncias envolvendo viol√™ncia dom√©stica e armas.,//www.globo.com/busca/click?q=%22armas+n%C3%A3o+letais%22&p=25&r=1721093816874&u=https%3A%2F%2Fgloboplay.globo.com%2Fv%2F12758517%2F&syn=False&key=f5e45b6b708ec73a86ecf8baea5b3941,2024-07-15 20:11:15.956335,0.0,0.0,0.0,0.0,0.0,0.0,0.0,0.0,0.0,0.0,0.0,0.0,0.0,0.0,0.0
18,21,h√° 3 horas,G1,Pol√≠cia aguarda laudos da per√≠cia para avan√ßar investiga√ß√£o sob...,"Crian√ßa morre baleada pela arma do pai em Bragan√ßa Paulista
A Pol√≠cia Civil de Bragan√ßa Paulista (SP) iniciou as investiga√ß√µes... ‚Äî ... sobre o caso da menina de nove anos que morreu ap√≥s ser atingida por um disparo acidental de uma arma do pai, na madrugada do √∫ltimo...",//www.globo.com/busca/click?q=%22armas+n%C3%A3o+letais%22&p=22&r=1721093816859&u=https%3A%2F%2Fg1.globo.com%2Fsp%2Fvale-do-paraiba-regiao%2Fnoticia%2F2024%2F07%2F15%2Fpolicia-aguarda-laudos-da-pericia-para-avancar-investigacao-sobre-morte-de-menina-atingida-por-disparo-acidental-de-arma-do-pai.ghtml&syn=False&key=8ca8bd23b66c5799bb7e720dbb225403,2024-07-15 20:11:15.956335,0.0,0.0,1.0,0.0,0.0,0.0,0.0,1.0,0.0,0.0,0.0,0.0,0.0,0.0,0.0
19,26,h√° 9 horas,Gazeta Meio Dia,Adolescente tenta roubar policial com arma falsa em Cariacica,Assista a seguir.,//www.globo.com/busca/click?q=%22armas+n%C3%A3o+letais%22&p=27&r=1721093816884&u=https%3A%2F%2Fgloboplay.globo.com%2Fv%2F12757957%2F&syn=False&key=f483c65c2e56f952ac97ec43bd46a12e,2024-07-15 20:11:15.956335,0.0,0.0,0.0,0.0,0.0,0.0,0.0,0.0,0.0,0.0,0.0,0.0,0.0,0.0,0.0
20,25,h√° 9 horas,G1 CE,Delegado tem arma roubada durante assalto em Fortaleza,Tr√™s suspeitos foram presos e os pertences do agente foram recuperados.,//www.globo.com/busca/click?q=%22armas+n%C3%A3o+letais%22&p=26&r=1721093816880&u=https%3A%2F%2Fg1.globo.com%2Fce%2Fceara%2Fvideo%2Fdelegado-tem-arma-roubada-durante-assalto-em-fortaleza-12757779.ghtml&syn=False&key=663cdd3ee247e529e2a225135e98eff5,2024-07-15 20:11:15.956335,0.0,0.0,0.0,0.0,0.0,0.0,0.0,0.0,0.0,0.0,0.0,0.0,0.0,0.0,0.0
21,5,h√° 10 horas,O Globo,"Fuzil usado contra Trump, AR-15 foi a arma mais utilizada em ch...","... National Rifle Association (NRA, associa√ß√£o que defende o amplo acesso a armas de fogo), o AR-15 est√° no centro do debate armamentista... ‚Äî ... a entrar no mercado de armas ap√≥s o fim da proibi√ß√£o federal de armas de assalto em 2004. Eles podem ser personalizados com miras...",//www.globo.com/busca/click?q=%22armas+n%C3%A3o+letais%22&p=6&r=1721093759432&u=https%3A%2F%2Foglobo.globo.com%2Fmundo%2Fnoticia%2F2024%2F07%2F14%2Ffuzil-usado-contra-trump-ar-15-foi-a-arma-mais-utilizada-em-chacinas-nos-eua-na-ultima-decada.ghtml&syn=False&key=8dd64e086cd06f25d43394c9a5133849,2024-07-15 20:11:15.934675,0.0,0.0,0.0,0.0,0.0,0.0,0.0,0.0,0.0,0.0,0.0,0.0,0.0,0.0,0.0
22,130,h√° 1 dia,O Globo,Di Mar√≠a faz hoje seu √∫ltimo jogo pela sele√ß√£o argentina; relem...,"Al√©m de definir a sele√ß√£o campe√£ da Copa Am√©rica de 2024, a final deste domingo, √†s 21h, entre Argentina e Col√¥mbia, ficar√° marcada tamb√©m por ser a √∫ltima partida de √Ångel Di Mar√≠a pela alviceleste. Um dos maiores jogadores que j√° vestiram a camisa da sele√ß√£o...",//www.globo.com/busca/click?q=%22armas+n%C3%A3o+letais%22&p=131&r=1721093819752&u=https%3A%2F%2Foglobo.globo.com%2Fesportes%2Ffutebol%2Fnoticia%2F2024%2F07%2F14%2Fdi-maria-faz-hoje-seu-ultimo-jogo-pela-selecao-argentina-relembre-numeros-titulos-e-gols.ghtml&syn=False&key=dbc16aeafadc56c7533a6c4a9ff944f8,2024-07-14 20:11:16.049001,0.0,0.0,0.0,0.0,0.0,0.0,0.0,0.0,0.0,0.0,0.0,0.0,0.0,0.0,0.0
23,98,h√° 1 dia,G1,Suspeito de esfaquear adolescente escondeu arma na bota para en...,"Suspeito de esfaquear adolescente escondeu arma para entrar em festa de pe√£o, em Monsenhor Paulo
O jovem suspeito de esfaquear... ‚Äî ... um adolescente durante a Festa de Pe√£o de Monsenhor Paulo (MG), neste s√°bado (13), conseguiu entrar no evento com a arma escondida...",//www.globo.com/busca/click?q=%22armas+n%C3%A3o+letais%22&p=99&r=1721082979632&u=https%3A%2F%2Fg1.globo.com%2Fmg%2Fsul-de-minas%2Fnoticia%2F2024%2F07%2F13%2Fsuspeito-de-esfaquear-adolescente-escondeu-faca-dentro-da-bota-para-entrar-em-festa-de-peao-em-mg.ghtml&syn=False&key=97e2e29353a53f373786763f9b95d0cb,2024-07-14 20:11:16.028658,0.0,0.0,0.0,0.0,0.0,0.0,0.0,0.0,0.0,0.0,0.0,0.0,0.0,0.0,0.0
24,69,h√° 1 dia,G1,Menina de 9 anos morre ap√≥s ser atingida por tiro acidental de ...,"Menina de 9 anos morre ap√≥s ser atingida por tiro acidental de arma do pai em Bragan√ßa Paulista, SP
Divulga√ß√£o/Pol√≠cia Civil... ‚Äî ...
Uma menina de nove anos morreu ap√≥s ser atingida por um tiro acidental de uma arma do pai, em Bragan√ßa Paulista, no interior de S√£o...",//www.globo.com/busca/click?q=%22armas+n%C3%A3o+letais%22&p=70&r=1721093817459&u=https%3A%2F%2Fg1.globo.com%2Fsp%2Fvale-do-paraiba-regiao%2Fnoticia%2F2024%2F07%2F14%2Fmenina-de-9-anos-morre-apos-ser-atingida-por-tiro-acidental-de-arma-do-pai-em-braganca-paulista-sp.ghtml&syn=False&key=102142b95dd4a98c8cc3c75e20240b75,2024-07-14 20:11:16.007556,0.0,0.0,0.0,0.0,0.0,0.0,0.0,1.0,0.0,0.0,0.0,0.0,0.0,0.0,0.0
25,80,h√° 1 dia,G1,Pol√≠cia identifica arma usada por motorista que atirou em carro...,"..., mas conseguiu um habeas corpus e responde em liberdade pelos crimes de dupla tentativa de homic√≠dio e porte ilegal de arma..
üì≤ Participe... ‚Äî ... de Investiga√ß√µes Gerais de Itapetininga (DIG) conseguiu identificar o n√∫mero de registro da arma, usada pelo empres√°rio, que estava...",//www.globo.com/busca/click?q=%22armas+n%C3%A3o+letais%22&p=81&r=1721083772622&u=https%3A%2F%2Fg1.globo.com%2Fsp%2Fitapetininga-regiao%2Fnoticia%2F2024%2F07%2F14%2Fpolicia-identifica-arma-usada-por-motorista-que-atirou-em-carro-no-interior-de-sp-crime-completa-um-mes.ghtml&syn=False&key=f5df3846a446037f05b4ef45b9659602,2024-07-14 20:11:16.007556,0.0,0.0,0.0,0.0,0.0,0.0,0.0,0.0,0.0,0.0,0.0,0.0,0.0,0.0,0.0
26,51,h√° 1 dia,G1,Goleiro baleado por PM denuncia ataques na web: 'Tiro tinha que...,".... A corpora√ß√£o ressaltou que o disparo foi feito com uma bala de borracha, um armamento menos letal, e que n√£o compactua com qualquer desvio... ‚Äî ... baleado por policial ap√≥s jogo diz que pediu para policial abaixar a arma apontada para amigo
4 MESES SEM JOGAR: Goleiro baleado...",//www.globo.com/busca/click?q=%22armas+n%C3%A3o+letais%22&p=52&r=1721083503955&u=https%3A%2F%2Fg1.globo.com%2Fgo%2Fgoias%2Fnoticia%2F2024%2F07%2F13%2Fgoleiro-baleado-por-pm-diz-estar-triste-apos-ser-atacado-na-web-tiro-tinha-que-ser-na-cara.ghtml&syn=False&key=c0376ab82584f80d0375ffadbf3d6f07,2024-07-14 20:11:15.990668,0.0,0.0,1.0,0.0,0.0,0.0,0.0,0.0,0.0,1.0,0.0,0.0,0.0,0.0,0.0
27,42,h√° 1 dia,extra,"Solta ap√≥s pagar fian√ßa, esposa de Nego Di critica quem celebro...","... dela e do marido, Nego Di. A influenciadora foi presa em flagrante, na √∫ltima sexta-feira, dia 12, por porte de arma de uso... ‚Äî ... esquema fraudulento de venda de rifas e lavagem de dinheiro. Sozinha, ela foi presa em flagrante ap√≥s ser encontrada com uma arma...",//www.globo.com/busca/click?q=%22armas+n%C3%A3o+letais%22&p=43&r=1721082978782&u=https%3A%2F%2Fextra.globo.com%2Ffamosos%2Fnoticia%2F2024%2F07%2Fsolta-apos-pagar-fianca-esposa-de-nego-di-critica-quem-celebrou-prisao-da-dupla-nao-tem-conquista-na-vida.ghtml&syn=False&key=ad14e2ff952884a13da464fabbf55f09,2024-07-14 20:11:15.984051,0.0,0.0,0.0,0.0,0.0,0.0,0.0,0.0,0.0,0.0,0.0,0.0,0.0,0.0,0.0
28,30,h√° 1 dia,G1,Suspeito de portar arma em jogo de futebol e atirar contra guar...,"Arma apreendida pela GCM na a√ß√£o
GCM de Cosm√≥polis
Um rapaz de 24 anos morreu baleado durante uma uma interven√ß√£o da Guarda Civil... ‚Äî ... M√©dico Legal (IML) e o caso foi encaminhado para registro na Pol√≠cia Civil. 
V√çDEOS: Tudo sobre Piracicaba e regi√£o
Veja mais not√≠cias da regi√£o no g1 Piracicaba...",//www.globo.com/busca/click?q=%22armas+n%C3%A3o+letais%22&p=31&r=1721082978678&u=https%3A%2F%2Fg1.globo.com%2Fsp%2Fpiracicaba-regiao%2Fnoticia%2F2024%2F07%2F14%2Frapaz-de-24-anos-e-flagrado-com-arma-em-jogo-de-futebol-e-morre-ao-trocar-tiros-com-guardas-em-cosmopolis-diz-gcm.ghtml&syn=False&key=87489d112f91923b0b6a234fc6b29aca,2024-07-14 20:11:15.956335,0.0,1.0,0.0,0.0,0.0,0.0,0.0,1.0,0.0,0.0,0.0,0.0,0.0,0.0,0.0
29,3,h√° 1 dia,epocanegocios,"Fuzil usado contra Trump, AR-15 foi a arma mais utilizada em ch...","... National Rifle Association (NRA, associa√ß√£o que defende o amplo acesso a armas de fogo), o AR-15 est√° no centro do debate armamentista... ‚Äî ... por extremistas em solo americano.
O AR-15 voltou a entrar no mercado de armas ap√≥s o fim da proibi√ß√£o federal de armas de assalto em 2004...",//www.globo.com/busca/click?q=%22armas+n%C3%A3o+letais%22&p=4&r=1721093759423&u=https%3A%2F%2Fepocanegocios.globo.com%2Fmundo%2Fnoticia%2F2024%2F07%2Ffuzil-usado-contra-trump-ar-15-foi-a-arma-mais-utilizada-em-chacinas-nos-eua-na-ultima-decada.ghtml&syn=False&key=fa1d32064b91b5bb507318e18a90abe2,2024-07-14 20:11:15.932069,0.0,0.0,0.0,0.0,0.0,0.0,0.0,0.0,0.0,0.0,0.0,0.0,0.0,0.0,0.0
30,132,h√° 2 dias,G1,'Projeto Star Wars': Coreia do Sul vai usar armas a laser contr...,"... come√ßar a utilizar armas a laser a partir deste ano para derrubar os drones enviados pelo ditador norte-coreano Kim Jong-un, anunciou... ‚Äî ... a ag√™ncia de fornecimento de armas do pa√≠s √† AFP nesta sexta-feira (12).
As novas armas, chamadas de ""Projeto Star Wars"" por Seul...",//www.globo.com/busca/click?q=%22armas+n%C3%A3o+letais%22&p=133&r=1721093819758&u=https%3A%2F%2Fg1.globo.com%2Fmundo%2Fnoticia%2F2024%2F07%2F13%2Fprojeto-star-wars-coreia-do-sul-vai-usar-armas-a-laser-contra-drones-enviados-pelo-ditador-kim-jong-un.ghtml&syn=False&key=06a51654b74df521a75453a41f4b2570,2024-07-13 20:11:16.051227,0.0,0.0,0.0,0.0,0.0,0.0,0.0,0.0,0.0,0.0,0.0,0.0,0.0,0.0,0.0
31,113,h√° 2 dias,G1,Foragido da Justi√ßa por estupro de vulner√°vel e posse ilegal de...,"... bairro Cantagalo.
Segundo a Pol√≠cia Militar, dois mandados de pris√£o foram expedidos contra ele, um referente √† posse de arma...",sem link,2024-07-13 20:11:16.038001,0.0,0.0,0.0,0.0,0.0,0.0,0.0,0.0,0.0,0.0,0.0,0.0,0.0,0.0,0.0
32,112,h√° 2 dias,G1,Homem √© preso suspeito de abusar e amea√ßar crian√ßa de 10 anos c...,"Homem √© preso suspeito de abusar e amea√ßar crian√ßa de 10 anos com arma de fogo no interior de SP
TV TEM/Reprodu√ß√£o
Um homem de 47... ‚Äî ... anos foi preso, na noite de sexta-feira (12), suspeito de amea√ßar uma crian√ßa de 10 anos com uma arma de fogo e abusar...",//www.globo.com/busca/click?q=%22armas+n%C3%A3o+letais%22&p=113&r=1721082980054&u=https%3A%2F%2Fg1.globo.com%2Fsp%2Fsao-jose-do-rio-preto-aracatuba%2Fnoticia%2F2024%2F07%2F13%2Fhomem-e-preso-suspeito-de-abusar-e-ameacar-crianca-com-arma-de-fogo-no-interior-de-sp.ghtml&syn=False&key=c48f89225820a0c70dbc0439335dd54a,2024-07-13 20:11:16.037000,0.0,0.0,0.0,0.0,0.0,0.0,0.0,0.0,0.0,0.0,0.0,0.0,0.0,0.0,0.0
33,105,h√° 2 dias,O Globo,Governo vai ‚Äòlutar‚Äô no Senado para incluir armas na lista do 'i...,"... armas de fogo na lista do Imposto seletivo, o chamado ‚Äúimposto do pecado‚Äù, a taxa extra para itens prejudiciais √† sa√∫de ou ao meio... ‚Äî ... ambiente.
‚Äî Vamos lutar no Senado para um volte com o imposto seletivo √†s armas ‚Äî disse o ministro em evento realizado nesta sexta...",//www.globo.com/busca/click?q=%22armas+n%C3%A3o+letais%22&p=106&r=1721082980033&u=https%3A%2F%2Foglobo.globo.com%2Feconomia%2Fnoticia%2F2024%2F07%2F12%2Fgoverno-vai-lutar-no-senado-para-incluir-armas-na-lista-do-imposto-do-pecado.ghtml&syn=False&key=1f1e7c6ecbe03ebb14949a2059535bc6,2024-07-13 20:11:16.032695,0.0,0.0,0.0,0.0,0.0,0.0,0.0,0.0,0.0,0.0,0.0,0.0,0.0,0.0,0.0
34,106,h√° 2 dias,O Globo,Senado deve resistir √† ofensiva do governo para incluir armas d...,"Senadores de oposi√ß√£o e centro devem resistir √† ofensiva do governo para incluir armas de fogo e muni√ß√µes no Imposto Seletivo... ‚Äî ... da mat√©ria e rejeitado um dos destaques que pedia a inclus√£o das armas no imposto seletivo. O pedido era da bancada do PSOL, mas n√£o teve...",//www.globo.com/busca/click?q=%22armas+n%C3%A3o+letais%22&p=107&r=1721082980036&u=https%3A%2F%2Foglobo.globo.com%2Feconomia%2Fnoticia%2F2024%2F07%2F12%2Fsenado-deve-resistir-a-ofensiva-do-governo-para-incluir-armas-de-fogo-no-imposto-do-pecado.ghtml&syn=False&key=078c9c31835a6422ddeb22874fc8a5bb,2024-07-13 20:11:16.032695,0.0,0.0,0.0,0.0,0.0,0.0,0.0,0.0,0.0,0.0,0.0,0.0,0.0,0.0,0.0
35,97,h√° 2 dias,O Globo,"Sem 'imposto do pecado', armamentos teriam redu√ß√£o de mais de 7...","...% e PIS/Cofins de 9,25%. 
Armamento
Cria√ß√£o O Globo
No total a al√≠quota legal que incide atualmente para armas √© de 89,25... ‚Äî ... para o setor vai tornar a arma de fogo mais acess√≠vel no mercado legal e no paralelo, avalia Roberto Uch√¥a, conselheiro do F√≥rum...",//www.globo.com/busca/click?q=%22armas+n%C3%A3o+letais%22&p=98&r=1721082979630&u=https%3A%2F%2Foglobo.globo.com%2Feconomia%2Fnoticia%2F2024%2F07%2F13%2Fsem-imposto-do-pecado-armamentos-teriam-reducao-de-mais-de-70percent-na-carga-tributaria.ghtml&syn=False&key=b56df6739751f197758a21cbf1a15ad4,2024-07-13 20:11:16.028658,0.0,0.0,0.0,0.0,0.0,0.0,0.0,0.0,0.0,0.0,0.0,0.0,0.0,0.0,0.0
36,58,h√° 2 dias,No Rancho Fundo,Vespertino vai atr√°s de Seu Tico Leonel com a arma em punho,Ele sai armado do encontro com Jord√£o,//www.globo.com/busca/click?q=%22armas+n%C3%A3o+letais%22&p=59&r=1721083504011&u=https%3A%2F%2Fgloboplay.globo.com%2Fv%2F12754623%2F&syn=False&key=fda32f076d463a96d4cbb0713ff00ce6,2024-07-13 20:11:15.990668,0.0,0.0,0.0,0.0,0.0,0.0,0.0,0.0,0.0,0.0,0.0,0.0,0.0,0.0,0.0
37,57,h√° 2 dias,gshow,No Rancho Fundo: Deodora transa com Vespertino ap√≥s apontar arm...,"No Rancho Fundo: Deodora transa com Vespertino ap√≥s apontar arma para o s√≥cio
Vespertino (Thardelly Lima) vai realizar um sonho... ‚Äî ... se beijam em No Rancho Fundo
Globo
No Rancho Fundo: Vespertino manda Jord√£o matar Tico Leonel
Deodora vai ver uma arma na cintura...",//www.globo.com/busca/click?q=%22armas+n%C3%A3o+letais%22&p=58&r=1721083504008&u=https%3A%2F%2Fgshow.globo.com%2Fnovelas%2Fno-rancho-fundo%2Fvem-por-ai%2Fnoticia%2Fno-rancho-fundo-deodora-transa-com-vespertino-apos-apontar-arma-para-o-socio.ghtml&syn=False&key=009b89a13f84b1be0e6fd065e998f80c,2024-07-13 20:11:15.990668,0.0,0.0,0.0,0.0,0.0,0.0,0.0,0.0,0.0,0.0,0.0,0.0,0.0,0.0,0.0
38,33,h√° 2 dias,Techtudo,Veja 12 filmes dist√≥picos da Netflix para maratonar e ter medo ...,"... ainda pior.
Al√©m do retorno de Ford √† franquia, o longa √© estrelado por Ryan Gosling (Barbie), Ana de Armas (Blonde), Dave Bautista (Army... ‚Äî ... da tecnologia, n√£o √© nada promissor. Maze Runner (2014) e Jogos Vorazes (2012) narram competi√ß√µes letais entre adolescentes...",//www.globo.com/busca/click?q=%22armas+n%C3%A3o+letais%22&p=34&r=1721082978688&u=https%3A%2F%2Fwww.techtudo.com.br%2Flistas%2F2024%2F07%2Fveja-12-filmes-distopicos-da-netflix-para-maratonar-e-ter-medo-do-futuro-streaming.ghtml&syn=False&key=b7a93da290c3bc5791e37ad8caaba434,2024-07-13 20:11:15.971028,0.0,0.0,0.0,0.0,0.0,0.0,0.0,0.0,0.0,0.0,0.0,0.0,0.0,0.0,0.0
39,133,h√° 3 dias,O Globo,Suspeito de matar mulher e filhas de comentarista da BBC com ar...,"O suspeito que matou uma m√£e e duas de suas filhas com uma besta no norte de Londres, na Inglaterra, permanece em estado ‚Äúgrave‚Äù ap√≥s ser encontrado ferido na quarta-feira e n√£o p√¥de ser interrogado, disse a pol√≠cia brit√¢nica nesta quinta-feira. Kyle Clifford,...",//www.globo.com/busca/click?q=%22armas+n%C3%A3o+letais%22&p=134&r=1721093819762&u=https%3A%2F%2Foglobo.globo.com%2Fmundo%2Fnoticia%2F2024%2F07%2F11%2Fsuspeito-de-matar-mulher-e-filhas-de-comentarista-da-bbc-com-besta-esta-em-estado-grave-diz-policia-do-reino-unido.ghtml&syn=False&key=298faafb5368dbef982b6eb7387be40d,2024-07-12 20:11:16.051227,0.0,0.0,0.0,1.0,0.0,0.0,0.0,0.0,0.0,0.0,0.0,0.0,0.0,0.0,0.0
40,126,h√° 3 dias,Techtudo,15 filmes com finais chocantes que deixaram todo mundo de queix...,"... de forma circular; n√£o linear, se tornando uma arma para a humanidade daqui a milhares de anos. Quando passar a entender a l√≠ngua... ‚Äî ... que grande parte do que Lily fez foi inven√ß√£o da sua cabe√ßa e o corte letal foi dado na pr√≥pria barriga. Nina acaba o espet√°culo...",//www.globo.com/busca/click?q=%22armas+n%C3%A3o+letais%22&p=127&r=1721093819664&u=https%3A%2F%2Fwww.techtudo.com.br%2Fnoticias%2F2024%2F02%2F15-filmes-com-finais-chocantes-que-deixaram-todo-mundo-de-queixo-caido-streaming.ghtml&syn=False&key=263d5a316c8e1d4a96b1d9c054243f39,2024-07-12 20:11:16.048034,0.0,0.0,0.0,0.0,0.0,0.0,0.0,0.0,0.0,0.0,0.0,0.0,0.0,0.0,0.0
41,121,h√° 3 dias,G1,Alckmin critica decis√£o da C√¢mara de deixar armas de fogo de fo...,"...) como ""ruim"" decis√£o da C√¢mara dos Deputados de deixar armas de fogo e muni√ß√µes de fora dos itens que ser√£o sobretaxados com o chamado... ‚Äî ... (10), os deputados rejeitaram um destaque que inclu√≠a armas e muni√ß√µes na lista dos produtos que ser√£o tributados com o imposto...",//www.globo.com/busca/click?q=%22armas+n%C3%A3o+letais%22&p=122&r=1721093819647&u=https%3A%2F%2Fg1.globo.com%2Fpolitica%2Fnoticia%2F2024%2F07%2F12%2Falckmin-critica-decisao-do-congresso-de-deixar-armas-de-fogo-de-fora-do-imposto-do-pecado.ghtml&syn=False&key=77f5241b2f067a74e246e03a4d072883,2024-07-12 20:11:16.044035,0.0,0.0,0.0,0.0,0.0,0.0,0.0,0.0,0.0,0.0,0.0,0.0,0.0,0.0,0.0
42,118,h√° 3 dias,G1,Alckmin critica decis√£o da C√¢mara de deixar armas de fogo de fo...,"...) como ""ruim"" decis√£o da C√¢mara dos Deputados de deixar armas de fogo e muni√ß√µes de fora dos itens que ser√£o sobretaxados com o chamado... ‚Äî ... (10), os deputados rejeitaram um destaque que inclu√≠a armas e muni√ß√µes na lista dos produtos que ser√£o tributados com o imposto...",//www.globo.com/busca/click?q=%22armas+n%C3%A3o+letais%22&p=119&r=1721082980070&u=https%3A%2F%2Fg1.globo.com%2Fpolitica%2Fnoticia%2F2024%2F07%2F12%2Falckmin-critica-decisao-do-congresso-de-deixar-armas-de-fogo-de-fora-do-imposto-do-pecado.ghtml&syn=False&key=77f5241b2f067a74e246e03a4d072883,2024-07-12 20:11:16.041035,0.0,0.0,0.0,0.0,0.0,0.0,0.0,0.0,0.0,0.0,0.0,0.0,0.0,0.0,0.0
43,116,h√° 3 dias,G1,Abordagem da PF termina com apreens√£o de drogas e arma em Ipati...,"PF prende homem em flagrante por tr√°fico de drogas em Ipatinga.
Pol√≠cia Federal/Divulga√ß√£o
PF prende homem em flagrante por tr√°fico de drogas em Ipatinga.
Pol√≠cia Federal/Divulga√ß√£o
Um homem foi preso em flagrante, na noite dessa quinta-feira (11), em Ipatinga...",//www.globo.com/busca/click?q=%22armas+n%C3%A3o+letais%22&p=117&r=1721082980065&u=https%3A%2F%2Fg1.globo.com%2Fmg%2Fvales-mg%2Fnoticia%2F2024%2F07%2F12%2Fabordagem-da-pf-termina-com-apreensao-de-drogas-e-arma-em-ipatinga-homem-foi-preso.ghtml&syn=False&key=d3d3e16a20d6a7653644b085d021933b,2024-07-12 20:11:16.040036,0.0,0.0,0.0,0.0,0.0,0.0,0.0,0.0,0.0,0.0,0.0,0.0,0.0,0.0,0.0
44,107,h√° 3 dias,Techtudo,Veja 10 doramas de viagem no tempo que merecem uma chance,"... anos no passado, per√≠odo onde ela arma uma vingan√ßa definitiva contra seus inimigos.
Park Min Young (Clima do Amor), Na In Woo... ‚Äî ... atraente e letal que diz ter vindo do futuro para salvar Tae-sul de um desastre mundial iminente. Ao descobrir a verdade gra√ßas...",//www.globo.com/busca/click?q=%22armas+n%C3%A3o+letais%22&p=108&r=1721082980039&u=https%3A%2F%2Fwww.techtudo.com.br%2Flistas%2F2024%2F06%2Fveja-10-doramas-de-viagem-no-tempo-que-merecem-uma-chance-streaming.ghtml&syn=False&key=758e9e0a3ff3a8a6edbf0a2e97d47558,2024-07-12 20:11:16.033692,0.0,0.0,0.0,0.0,0.0,0.0,0.0,0.0,0.0,0.0,0.0,0.0,0.0,0.0,0.0
45,89,h√° 3 dias,O Globo,R√∫ssia nega planejar assassinato de grande fabricante de armas ...,"... fabricante de armas alem√£o e considerou que estas acusa√ß√µes carecem de ""argumenta√ß√£o s√©ria"".
An√°lise: Biden fracassa em dissipar temores... ‚Äî ... indicou que os Estados Unidos e a Alemanha frustraram este ano um projeto para assassinar o CEO de um grande fabricante de armas...",//www.globo.com/busca/click?q=%22armas+n%C3%A3o+letais%22&p=90&r=1721083772667&u=https%3A%2F%2Foglobo.globo.com%2Fmundo%2Fnoticia%2F2024%2F07%2F12%2Frussia-nega-planejar-assassinato-de-grande-fabricante-de-armas-alemao.ghtml&syn=False&key=5919b7168e7a34fc92f3d682bc3992dd,2024-07-12 20:11:16.023693,0.0,0.0,0.0,0.0,0.0,0.0,0.0,0.0,0.0,0.0,0.0,0.0,0.0,0.0,0.0
46,88,h√° 3 dias,O Globo,Reforma Tribut√°ria: Alckmin defende inclus√£o de armas no 'impos...,O vice-presidente Geraldo Alckmin defendeu nesta sexta-feira a inclus√£o da carne na cesta b√°sica e criticou a retirada das armas... ‚Äî ... importante de justi√ßa de natureza tribut√°ria. Voc√™ colocar comida na cesta b√°sica n√£o √© ruim. O ruim √© voc√™ tirar do seletivo a arma...,//www.globo.com/busca/click?q=%22armas+n%C3%A3o+letais%22&p=89&r=1721083772664&u=https%3A%2F%2Foglobo.globo.com%2Feconomia%2Fnoticia%2F2024%2F07%2F12%2Freforma-tributaria-alckmin-defende-inclusao-de-armas-no-imposto-do-pecado.ghtml&syn=False&key=085eebea65156b65fa220e0948836784,2024-07-12 20:11:16.023693,0.0,0.0,0.0,0.0,0.0,0.0,0.0,0.0,0.0,0.0,0.0,0.0,0.0,0.0,0.0
47,90,h√° 3 dias,O Globo,R√∫ssia nega planejar assassinato de grande fabricante de armas ...,"... fabricante de armas alem√£o e considerou que estas acusa√ß√µes carecem de ""argumenta√ß√£o s√©ria"".
An√°lise: Biden fracassa em dissipar temores... ‚Äî ... indicou que os Estados Unidos e a Alemanha frustraram este ano um projeto para assassinar o CEO de um grande fabricante de armas...",//www.globo.com/busca/click?q=%22armas+n%C3%A3o+letais%22&p=91&r=1721082979616&u=https%3A%2F%2Foglobo.globo.com%2Fmundo%2Fnoticia%2F2024%2F07%2F12%2Frussia-nega-planejar-assassinato-de-grande-fabricante-de-armas-alemao.ghtml&syn=False&key=5919b7168e7a34fc92f3d682bc3992dd,2024-07-12 20:11:16.023693,0.0,0.0,0.0,0.0,0.0,0.0,0.0,0.0,0.0,0.0,0.0,0.0,0.0,0.0,0.0
48,73,h√° 3 dias,Boa Noite Paran√°,Pol√≠cia encontra arsenal de armas na regi√£o de Foz do Igua√ßu,Armas foram encontradas ap√≥s uma den√∫ncia de viol√™ncia dom√©stica e pedido de medida protetiva.,//www.globo.com/busca/click?q=%22armas+n%C3%A3o+letais%22&p=74&r=1721093817467&u=https%3A%2F%2Fgloboplay.globo.com%2Fv%2F12753785%2F&syn=False&key=27a0c276796cc449abe803ca48ac382b,2024-07-12 20:11:16.007556,0.0,0.0,0.0,0.0,0.0,0.0,0.0,0.0,0.0,0.0,0.0,0.0,0.0,0.0,0.0
49,66,h√° 3 dias,G1,"Esposa de Nego Di, presa com arma de uso restrito das For√ßas Ar...","Mulher de Nego Di presa em opera√ß√£o portava arma das For√ßas Armadas, diz MP
A influencer Gabriela Vicente de Sousa, mulher... ‚Äî ... por ela possuir arma de fogo, acess√≥rio e muni√ß√£o de uso restrito, sem autoriza√ß√£o e em desacordo com o artigo 16 da lei n√∫mero 10.826...",//www.globo.com/busca/click?q=%22armas+n%C3%A3o+letais%22&p=67&r=1721093817451&u=https%3A%2F%2Fg1.globo.com%2Fsc%2Fsanta-catarina%2Fnoticia%2F2024%2F07%2F12%2Fesposa-nego-di-solta-fianca-14-mil.ghtml&syn=False&key=0dd564424db2d7101bfe61a14220c978,2024-07-12 20:11:16.007556,0.0,0.0,0.0,0.0,0.0,0.0,0.0,0.0,0.0,0.0,0.0,0.0,0.0,0.0,0.0
50,70,h√° 3 dias,G1,Goleiro baleado por policial ap√≥s jogo diz que est√° abalado: 'N...,"..., empurra-empurra. √â normal de futebol"" disse.
""Ele (policial) empurrou um dos nossos atletas e apontou a arma em dire√ß√£o ao rosto... ‚Äî ... dele. Foi o momento em que eu vi e pedi para ele abaixar a arma. Ele pegou, falou 'vai para tr√°s' e quando eu dei um passo para tr√°s...",//www.globo.com/busca/click?q=%22armas+n%C3%A3o+letais%22&p=71&r=1721093817461&u=https%3A%2F%2Fg1.globo.com%2Fgo%2Fgoias%2Fnoticia%2F2024%2F07%2F12%2Fgoleiro-baleado-por-policial-apos-jogo-diz-que-esta-abalado-nunca-imaginei-chegar-a-esse-ponto.ghtml&syn=False&key=b918b12d7f41fd236a06aa84e84efc82,2024-07-12 20:11:16.007556,0.0,0.0,0.0,0.0,0.0,0.0,0.0,0.0,0.0,0.0,0.0,0.0,0.0,0.0,0.0
51,74,h√° 3 dias,G1,MP investiga a√ß√£o de PM que deu tiro de borracha em goleiro ap√≥...,"... da Corregedoria. A corpora√ß√£o ressaltou que o disparo foi feito com uma bala de borracha, que √© um armamento menos letal, e reiterou... ‚Äî ... que pediu para policial abaixar a arma apontada para amigo
4 MESES SEM JOGAR: Goleiro baleado por policial ficar√° at√© quatro meses...",//www.globo.com/busca/click?q=%22armas+n%C3%A3o+letais%22&p=75&r=1721093817469&u=https%3A%2F%2Fg1.globo.com%2Fgo%2Fgoias%2Fnoticia%2F2024%2F07%2F11%2Fmp-investiga-acao-de-pm-que-deu-tiro-de-borracha-em-goleiro-apos-jogo.ghtml&syn=False&key=e5fb8d804fd4a206afe02ec176303dc2,2024-07-12 20:11:16.007556,0.0,0.0,1.0,0.0,0.0,0.0,0.0,0.0,0.0,1.0,0.0,0.0,0.0,0.0,0.0
52,67,h√° 3 dias,G1,Esposa de Nego Di presa em opera√ß√£o portava arma de uso restrit...,"Mulher de Nego Di presa em opera√ß√£o portava arma das For√ßas Armadas, diz MP
A influencer Gabriela Sousa, mulher... ‚Äî ...).
Al√©m da arma e da muni√ß√£o, dois ve√≠culos de luxo dos investigados foram sequestrados, conforme o promotor respons√°vel pela...",//www.globo.com/busca/click?q=%22armas+n%C3%A3o+letais%22&p=68&r=1721093817454&u=https%3A%2F%2Fg1.globo.com%2Fsc%2Fsanta-catarina%2Fnoticia%2F2024%2F07%2F12%2Fmulher-nego-di-presa-florianopolis-lavagem-2-milhoes.ghtml&syn=False&key=780db4ee1bba1a99aaf46b3f42454394,2024-07-12 20:11:16.007556,0.0,0.0,0.0,0.0,0.0,0.0,0.0,0.0,0.0,0.0,0.0,0.0,0.0,0.0,0.0
53,124,h√° 4 dias,O Globo,Reforma Tribut√°ria: C√¢mara deixa armas e muni√ß√µes fora do Impos...,"A regulamenta√ß√£o da Reforma Tribut√°ria, aprovada nesta quarta-feira pela C√¢mara dos Deputados, deixou armas e muni√ß√µes de fora... ‚Äî ... armas destinadas ao servi√ßo p√∫blico. O Imposto Seletivo representa um adicional na al√≠quota padr√£o da reforma, etimada em 26,5...",//www.globo.com/busca/click?q=%22armas+n%C3%A3o+letais%22&p=125&r=1721093819656&u=https%3A%2F%2Foglobo.globo.com%2Feconomia%2Fnoticia%2F2024%2F07%2F10%2Freforma-tributaria-camara-deixa-armas-e-municoes-fora-do-imposto-seletivo.ghtml&syn=False&key=2cd2e65dfb987455d0ccbcacbcad8394,2024-07-11 20:11:16.046037,0.0,0.0,0.0,0.0,0.0,0.0,0.0,0.0,0.0,0.0,0.0,0.0,0.0,0.0,0.0
54,115,h√° 4 dias,G1,"Goleiro baleado por policial ficar√° at√© quatro meses sem jogar,...","... policial abaixar a arma apontada para amigo
'Tem lutado pelo sonho': M√£e de goleiro baleado por policial ap√≥s jogo desabafa... ‚Äî ... esporte (veja nota completa no fim da reportagem).
Goleiro baleado por policial ap√≥s jogo diz que pediu para policial abaixar a arma...",//www.globo.com/busca/click?q=%22armas+n%C3%A3o+letais%22&p=116&r=1721082980062&u=https%3A%2F%2Fg1.globo.com%2Fgo%2Fgoias%2Fnoticia%2F2024%2F07%2F11%2Fgoleiro-baleado-por-policial-ficara-ate-quatro-meses-sem-jogar-diz-medico.ghtml&syn=False&key=79bfaf67df17bc0bf997f6d4878ecad6,2024-07-11 20:11:16.039034,0.0,0.0,0.0,0.0,0.0,0.0,0.0,0.0,0.0,0.0,0.0,0.0,0.0,0.0,0.0
55,104,h√° 4 dias,GloboNews em Ponto,Carne isenta e armas fora do imposto seletivo,"Ap√≥s aprova√ß√£o na C√¢mara, regulamenta√ß√£o da reforma tribut√°ria agora vai ao Senado",//www.globo.com/busca/click?q=%22armas+n%C3%A3o+letais%22&p=105&r=1721082979696&u=https%3A%2F%2Fg1.globo.com%2Fglobonews%2Fglobonews-em-ponto%2Fvideo%2Fcarne-isenta-e-armas-fora-do-imposto-seletivo-12748434.ghtml&syn=False&key=d92862c1b458729bfb25dc51d6f83d8a,2024-07-11 20:11:16.032695,0.0,0.0,0.0,0.0,0.0,0.0,0.0,0.0,0.0,0.0,0.0,0.0,0.0,0.0,0.0
56,99,h√° 4 dias,Bom Dia Mirante,Mercado clandestino de armas estimula pr√°ticas de assaltos em B...,A rep√≥rter Sarah Ribeiro fala sobre o assunto na manh√£ desta quinta-feira (11) no Bom Dia Mirante.,//www.globo.com/busca/click?q=%22armas+n%C3%A3o+letais%22&p=100&r=1721082979634&u=https%3A%2F%2Fgloboplay.globo.com%2Fv%2F12748722%2F&syn=False&key=4ccdfdbf6d4d71fc35f3656f2694548a,2024-07-11 20:11:16.029659,0.0,0.0,0.0,0.0,0.0,0.0,0.0,0.0,0.0,0.0,0.0,0.0,0.0,0.0,0.0
57,96,h√° 4 dias,CETV 1¬™ Edi√ß√£o - Fortaleza,Policial penal √© demitido ap√≥s investiga√ß√µes por venda de armas...,Confira mais not√≠cias em g1.globo.com/ce,//www.globo.com/busca/click?q=%22armas+n%C3%A3o+letais%22&p=97&r=1721082979629&u=https%3A%2F%2Fgloboplay.globo.com%2Fv%2F12749703%2F&syn=False&key=7f4d60f24203e82120ffe182c47b7d6a,2024-07-11 20:11:16.027658,0.0,0.0,0.0,0.0,0.0,0.0,0.0,0.0,0.0,0.0,0.0,0.0,0.0,0.0,0.0
58,92,h√° 4 dias,G1,M√£e de goleiro baleado por policial ap√≥s jogo desabafa: 'Tem lu...,"..., um armamento menos letal, e que n√£o compactua com qualquer desvio de conduta praticado por seus membros (leia nota completa no fim... ‚Äî ... desproporcional e violenta
Goleiro baleado por policial ap√≥s jogo diz que pediu para policial abaixar a arma apontada para amigo
Jovem...",//www.globo.com/busca/click?q=%22armas+n%C3%A3o+letais%22&p=93&r=1721082979620&u=https%3A%2F%2Fg1.globo.com%2Fgo%2Fgoias%2Fnoticia%2F2024%2F07%2F11%2Fmae-de-goleiro-baleado-por-policial-apos-jogo-desabafa-tem-lutado-pelo-sonho.ghtml&syn=False&key=09cfe8f72d3670fb017d4eed2429e277,2024-07-11 20:11:16.025694,0.0,0.0,0.0,0.0,0.0,0.0,0.0,0.0,0.0,0.0,0.0,0.0,0.0,0.0,0.0
59,93,h√° 4 dias,JA 2¬™ Edi√ß√£o - Regional,"Homem furta loja de armas, em Quirin√≥polis",Ladr√£o n√£o consegue entrar e usa barra de ferro para pegar a arma.,//www.globo.com/busca/click?q=%22armas+n%C3%A3o+letais%22&p=94&r=1721082979623&u=https%3A%2F%2Fgloboplay.globo.com%2Fv%2F12747799%2F&syn=False&key=899f8d425b3f7b9693e78eea5d46c8f4,2024-07-11 20:11:16.025694,0.0,0.0,0.0,0.0,0.0,0.0,0.0,0.0,0.0,0.0,0.0,0.0,0.0,0.0,0.0
60,87,h√° 4 dias,Bom Dia Cear√°,Pol√≠cia apreende armas em Vi√ßosa do Cear√°,Confira mais not√≠cias em g1.globo.com/ce,//www.globo.com/busca/click?q=%22armas+n%C3%A3o+letais%22&p=88&r=1721083772662&u=https%3A%2F%2Fgloboplay.globo.com%2Fv%2F12748609%2F&syn=False&key=39f47b64df4e2981c1c4260f0a714974,2024-07-11 20:11:16.022691,0.0,0.0,0.0,0.0,0.0,0.0,0.0,0.0,0.0,0.0,0.0,0.0,0.0,0.0,0.0
61,85,h√° 4 dias,Bom Dia GO,Suspeito de furtar loja de armas √© preso,O crime aconteceu em Quirin√≥polis.,//www.globo.com/busca/click?q=%22armas+n%C3%A3o+letais%22&p=86&r=1721083772658&u=https%3A%2F%2Fgloboplay.globo.com%2Fv%2F12748960%2F&syn=False&key=938716eccdc489dd68281e795643e909,2024-07-11 20:11:16.021692,0.0,0.0,0.0,0.0,0.0,0.0,0.0,0.0,0.0,0.0,0.0,0.0,0.0,0.0,0.0
62,68,h√° 4 dias,O Globo,Alec Baldwin violou 'regras fundamentais' de seguran√ßa no set d...,"O ator Alec Baldwin foi acusado, nesta quarta-feira, de infringir regras b√°sicas de seguran√ßa ao brincar com uma arma letal, no... ‚Äî ... de Alec Baldwin mudou uso de armas em Hollywood
O ator de ""30 Rock"" segurava um Colt durante um ensaio, em outubro de 2021, no estado...",//www.globo.com/busca/click?q=%22armas+n%C3%A3o+letais%22&p=69&r=1721093817456&u=https%3A%2F%2Foglobo.globo.com%2Fcultura%2Fnoticia%2F2024%2F07%2F10%2Falec-baldwin-violou-regras-fundamentais-de-seguranca-no-set-de-rust-diz-promotoria.ghtml&syn=False&key=4b300125046278dcea8625eddbef54cc,2024-07-11 20:11:16.007556,0.0,0.0,0.0,0.0,0.0,0.0,0.0,0.0,0.0,0.0,0.0,0.0,0.0,0.0,0.0
63,78,h√° 4 dias,G1,Minist√©rio do Esporte diz que tiro de bala de borracha de PM em...,"... Corregedoria para apurar os fatos . A corpora√ß√£o ressaltou que o disparo foi feito com uma bala de borracha, que √© um armamento menos letal... ‚Äî ...).
'ME DESESPEREI': Goleiro baleado por policial ap√≥s jogo diz que pediu para policial abaixar a arma apontada para amigo...",//www.globo.com/busca/click?q=%22armas+n%C3%A3o+letais%22&p=79&r=1721083772617&u=https%3A%2F%2Fg1.globo.com%2Fgo%2Fgoias%2Fnoticia%2F2024%2F07%2F11%2Fministerio-do-esporte-diz-que-tiro-de-bala-de-borracha-de-pm-em-goleiro-foi-acao-desproporcional-e-violenta-inaceitavel.ghtml&syn=False&key=ecf9a4a8a09fecb7ba007af5141d2041,2024-07-11 20:11:16.007556,0.0,0.0,1.0,0.0,0.0,0.0,0.0,0.0,0.0,1.0,0.0,0.0,0.0,0.0,0.0
64,31,h√° 4 dias,G1,Goleiro baleado por policial ap√≥s jogo diz que pediu para polic...,"Goleiro baleado por policial ap√≥s jogo diz que pediu para policial abaixar a arma
O goleiro do Gr√™mio An√°polis, Ram√≥n Souza... ‚Äî ... pedido ao agente que abaixasse a arma, que estava apontada para um amigo durante uma confus√£o no gramado ocorrida depois do apito final...",//www.globo.com/busca/click?q=%22armas+n%C3%A3o+letais%22&p=32&r=1721082978681&u=https%3A%2F%2Fg1.globo.com%2Fgo%2Fgoias%2Fnoticia%2F2024%2F07%2F11%2Fgoleiro-baleado-por-policial-apos-jogo-diz-que-pediu-para-policial-abaixar-a-arma-apontada-para-amigo-me-desesperei.ghtml&syn=False&key=54a0dc0c3f7cf4175b0d5c18cc9874a5,2024-07-11 20:11:15.968002,0.0,0.0,0.0,0.0,0.0,0.0,0.0,0.0,0.0,0.0,0.0,0.0,0.0,0.0,0.0
65,15,h√° 4 dias,O Globo,Guerra em Gaza: Armas israelenses com estilha√ßos causam a maior...,"... de Haifa, como ""altamente letal contra infantaria desmontada"".
Ball afirmou que armas de fragmenta√ß√£o s√£o ""muni√ß√µes relativamente... ‚Äî ... em √°reas lotadas de civis em Gaza.
‚Äî A alega√ß√£o √© que essas armas s√£o mais precisas e limitam as baixas a uma √°rea menor...",//www.globo.com/busca/click?q=%22armas+n%C3%A3o+letais%22&p=16&r=1721093816791&u=https%3A%2F%2Foglobo.globo.com%2Fmundo%2Fnoticia%2F2024%2F07%2F11%2Fguerra-em-gaza-armas-israelenses-com-estilhacos-causam-a-maior-parte-das-mortes-e-amputacoes-em-criancas-dizem-cirurgioes.ghtml&syn=False&key=b18b8a3492836f9e81ab70f33c5432a5,2024-07-11 20:11:15.956335,0.0,0.0,0.0,0.0,0.0,0.0,0.0,0.0,0.0,0.0,0.0,0.0,0.0,0.0,0.0
66,20,h√° 4 dias,vogue,Christina Fulton se pronuncia ap√≥s pris√£o de seu filho com Nico...,Christina Fulton se pronunciou diante das acusa√ß√µes criminais de agress√£o com arma letal e que acabou na pris√£o de seu filho...,//www.globo.com/busca/click?q=%22armas+n%C3%A3o+letais%22&p=21&r=1721093816853&u=https%3A%2F%2Fvogue.globo.com%2Fcelebridades%2Fnoticia%2F2024%2F07%2Fchristina-fulton-se-pronuncia-apos-prisao-de-seu-filho-com-nicolas-cage.ghtml&syn=False&key=ccc63b7f17be7273a879a2730c24115d,2024-07-11 20:11:15.956335,0.0,0.0,0.0,0.0,0.0,0.0,0.0,0.0,0.0,0.0,0.0,0.0,0.0,0.0,0.0
67,13,h√° 4 dias,O Globo,Coreia do Sul desenvolve arma a laser capaz de derrubar drones ...,"A Coreia do Sul est√° come√ßando a produzir em massa uma arma a laser de baixo custo que derrubou com sucesso pequenos drones... ‚Äî ..., a arma √© ""capaz de atingir com precis√£o pequenos ve√≠culos a√©reos n√£o tripulados e multirotores a curta dist√¢ncia"". E, apesar...",//www.globo.com/busca/click?q=%22armas+n%C3%A3o+letais%22&p=14&r=1721093759469&u=https%3A%2F%2Foglobo.globo.com%2Fmundo%2Fnoticia%2F2024%2F07%2F11%2Fcoreia-do-sul-desenvolve-arma-a-laser-capaz-de-derrubar-drones-com-disparo-ao-custo-de-r-8.ghtml&syn=False&key=50c8c04ad68fd18fc1d4cb571df5cdd8,2024-07-11 20:11:15.953418,0.0,0.0,0.0,0.0,0.0,0.0,0.0,0.0,0.0,0.0,0.0,0.0,0.0,0.0,0.0
68,8,h√° 4 dias,epocanegocios,Coreia do Sul desenvolve arma a laser capaz de derrubar drones ...,"A arma a laser Block-1
Foto: Reprodu√ß√£o/Facebook DAPA
A Coreia do Sul est√° come√ßando a produzir em massa uma arma a laser... ‚Äî ... do pa√≠s (DAPA), citada pela rede CNN. Batizada de Block-1, a arma √© ""capaz de atingir com precis√£o pequenos ve√≠culos a√©reos...",//www.globo.com/busca/click?q=%22armas+n%C3%A3o+letais%22&p=9&r=1721093759446&u=https%3A%2F%2Fepocanegocios.globo.com%2Ftecnologia%2Fnoticia%2F2024%2F07%2Fcoreia-do-sul-desenvolve-arma-a-laser-capaz-de-derrubar-drones-com-disparo-ao-custo-de-r-8.ghtml&syn=False&key=5cedca11b87799019f532cdb07f9aae4,2024-07-11 20:11:15.939407,0.0,0.0,0.0,0.0,0.0,0.0,0.0,0.0,0.0,0.0,0.0,0.0,0.0,0.0,0.0
69,128,h√° 5 dias,RJ Inter TV 2¬™ Edi√ß√£o *Campos dos Goytacazes (Inter TV Plan√≠cie),Armas s√£o apreendidas durante festa em Guarus,Duas pistolas e uma r√©plica foram encontradas no Parque Novo Mundo.,//www.globo.com/busca/click?q=%22armas+n%C3%A3o+letais%22&p=129&r=1721093819748&u=https%3A%2F%2Fgloboplay.globo.com%2Fv%2F12745393%2F&syn=False&key=d0df67c1d8d519da661a35591c2e7d16,2024-07-10 20:11:16.049001,0.0,0.0,0.0,0.0,0.0,0.0,0.0,0.0,0.0,0.0,0.0,0.0,0.0,0.0,0.0
70,101,h√° 5 dias,MG Inter TV 1¬™ Edi√ß√£o - Grande Minas,Pol√≠cia apreende armas e muni√ß√µes em Una√≠,Material foi encontrado durante cumprimento de mandado.,//www.globo.com/busca/click?q=%22armas+n%C3%A3o+letais%22&p=102&r=1721082979638&u=https%3A%2F%2Fgloboplay.globo.com%2Fv%2F12746984%2F&syn=False&key=e368ee5cbc1c6721d871b354ee9263fd,2024-07-10 20:11:16.030695,0.0,0.0,0.0,0.0,0.0,0.0,0.0,0.0,0.0,0.0,0.0,0.0,0.0,0.0,0.0
71,127,h√° 6 dias,O Globo,Hollywood repensa o uso de armas de fogo ap√≥s a trag√©dia de 'Ru...,"... em que um ator aponta uma arma para a equipe de produ√ß√£o. ‚ÄúIsso √© exatamente o que aconteceu em ‚ÄòRust‚Äô‚Äù, conta Merrick, que incorporou... ‚Äî ... de armas de fogo no cinema. Seus alunos s√£o, em sua maioria, profissionais da ind√∫stria que ficaram marcados pelo incidente que levou...",//www.globo.com/busca/click?q=%22armas+n%C3%A3o+letais%22&p=128&r=1721093819745&u=https%3A%2F%2Foglobo.globo.com%2Fcultura%2Fnoticia%2F2024%2F07%2F09%2Fhollywood-repensa-o-uso-de-armas-de-fogo-apos-a-tragedia-de-rust.ghtml&syn=False&key=7d7557124a2677226eab39c3b9fb321f,2024-07-09 20:11:16.048034,0.0,0.0,0.0,0.0,0.0,0.0,0.0,0.0,0.0,0.0,0.0,0.0,0.0,0.0,0.0
72,110,h√° 6 dias,Rede Globo,Paula Magalh√£es desafia casal a montar looks inspirados no rock,"... que al√©m de ser um estilo musical, o rock tamb√©m √© atitude visual. A rep√≥rter desafiou o cantor e compositor Marcelo Letal...",//www.globo.com/busca/click?q=%22armas+n%C3%A3o+letais%22&p=111&r=1721082980047&u=https%3A%2F%2Fredeglobo.globo.com%2Fredebahia%2Fmosaicobaiano%2Fnoticia%2Fpaula-magalhaes-desafia-casal-a-montar-looks-inspirados-no-rock.ghtml&syn=False&key=af2556f941676b2d930c0c21f221c8dd,2024-07-09 20:11:16.036035,0.0,0.0,0.0,0.0,0.0,0.0,0.0,0.0,0.0,0.0,0.0,0.0,0.0,0.0,0.0
73,72,08/07/2024 07h00,globoesporte.com,An√°lise: Cruzeiro √© letal em momentos-chave do jogo e se recupe...,"... e Z√© Ivaldo. Conseguiu escanteios e, ainda que n√£o assustasse Anderson, passou a rondar mais a √°rea.  
Nesse contexto, conseguiu...",//www.globo.com/busca/click?q=%22armas+n%C3%A3o+letais%22&p=73&r=1721093817465&u=https%3A%2F%2Fge.globo.com%2Ffutebol%2Ftimes%2Fcruzeiro%2Fnoticia%2F2024%2F07%2F08%2Fanalise-cruzeiro-e-letal-em-momentos-chave-do-jogo-e-se-recupera-com-autoridade.ghtml&syn=False&key=b2bbc868eef5a9e34d89b09bc10418f7,2024-07-08 07:00:00.000000,0.0,0.0,0.0,0.0,0.0,0.0,0.0,0.0,0.0,0.0,0.0,0.0,0.0,0.0,0.0
74,123,07/07/2024 23h58,G1,Homem de 39 anos √© encontrado morto v√≠tima de arma de fogo em R...,"Sidney Roberto Cunha de Oliveira, v√≠tima fatal de arma de fogo em Rio Branco
Arquivo Pessoal
Um homem de 39 anos, identificado... ‚Äî ... de uma motocicleta na Via Verde, no bairro Floresta Sul, em Rio Branco, com dois disparos de arma de fogo, sendo um na m√£o direita...",//www.globo.com/busca/click?q=%22armas+n%C3%A3o+letais%22&p=124&r=1721093819653&u=https%3A%2F%2Fg1.globo.com%2Fac%2Facre%2Fnoticia%2F2024%2F07%2F07%2Fhomem-de-39-anos-e-encontrado-morto-vitima-de-arma-de-fogo-em-rio-branco.ghtml&syn=False&key=b4919453f4a6f1c5be0cf6e47fba7047,2024-07-07 23:58:00.000000,0.0,0.0,1.0,0.0,0.0,0.0,0.0,0.0,0.0,0.0,1.0,0.0,0.0,0.0,0.0
75,76,06/07/2024 09h49,RJ Inter TV 2¬™ Edi√ß√£o,Armamento n√£o letal para a Guarda Municipal de Cabo Frio,O objetivo √© que os agentes possam trabalhar de forma mais eficiente e segura.,//www.globo.com/busca/click?q=%22armas+n%C3%A3o+letais%22&p=77&r=1721083772612&u=https%3A%2F%2Fgloboplay.globo.com%2Fv%2F12736836%2F&syn=False&key=6d64bf974db83ed681c7e11e8c8e2b42,2024-07-06 09:49:00.000000,0.0,0.0,0.0,0.0,0.0,0.0,0.0,0.0,0.0,0.0,0.0,0.0,0.0,0.0,0.0
76,108,05/07/2024 12h41,globoesporte.com,An√°lise: Bahia usa paci√™ncia e Fonte Nova como armas para bater...,"... o atleta em condi√ß√£o legal, e s√≥ n√£o balan√ßou a rede por cobertura porque Gabriel Xavier salvou praticamente em cima da linha [assista... ‚Äî ..., que tamb√©m quase marcou em cobran√ßa de escanteio atravessando a pequena √°rea tricolor.
Em um desses lances de ataque do Juventude...",//www.globo.com/busca/click?q=%22armas+n%C3%A3o+letais%22&p=109&r=1721082980042&u=https%3A%2F%2Fge.globo.com%2Fba%2Ffutebol%2Ftimes%2Fbahia%2Fnoticia%2F2024%2F07%2F05%2Fanalise-paciencia-e-fonte-nova-sao-armas-para-o-bahia-se-manter-no-g-4-do-brasileiro.ghtml&syn=False&key=bdf627702bcb4ed9a94174e0f9f6df53,2024-07-05 12:41:00.000000,0.0,0.0,0.0,0.0,0.0,0.0,0.0,0.0,0.0,1.0,0.0,0.0,0.0,0.0,0.0
77,111,04/07/2024 22h59,globoesporte.com,Torcedora do Itabaiana acusa integrante da comiss√£o do Retr√¥-PE...,"... ela, o profissional do clube pernambucano teria puxado uma arma para intimidar. O conflito foi registrado em s√∫mula pela arbitragem.
+ Confira... ‚Äî ... que acompanhava o jogo. Ao confront√°-lo e ir tirar satisfa√ß√£o no final do jogo, o citado acima puxou uma arma de fogo para me intimidar...",//www.globo.com/busca/click?q=%22armas+n%C3%A3o+letais%22&p=112&r=1721082980051&u=https%3A%2F%2Fge.globo.com%2Fpe%2Ffutebol%2Fbrasileirao-serie-d%2Fnoticia%2F2024%2F07%2F04%2Ftorcedora-do-itabaiana-acusa-integrante-da-comissao-do-retro-pe-de-puxar-arma-em-jogo-da-serie-d.ghtml&syn=False&key=97b4629f907938dfc21b07ce176b2ac7,2024-07-04 22:59:00.000000,0.0,0.0,0.0,0.0,0.0,0.0,0.0,0.0,0.0,0.0,0.0,0.0,0.0,0.0,0.0
78,119,04/07/2024 22h55,globoesporte.com,Torcedora do Itabaiana acusa preparador de goleiros do Retr√¥-PE...,"... ela, o profissional do clube pernambucano teria puxado uma arma para intimidar. O conflito foi registrado em s√∫mula pela arbitragem.
+ Confira... ‚Äî ... que acompanhava o jogo. Ao confront√°-lo e ir tirar satisfa√ß√£o no final do jogo, o citado acima puxou uma arma de fogo para me intimidar...",//www.globo.com/busca/click?q=%22armas+n%C3%A3o+letais%22&p=120&r=1721082980074&u=https%3A%2F%2Fge.globo.com%2Fpe%2Ffutebol%2Fbrasileirao-serie-d%2Fnoticia%2F2024%2F07%2F04%2Ftorcedora-do-itabaiana-acusa-preparador-de-goleiros-do-retro-pe-de-puxar-arma-em-jogo-da-serie-d.ghtml&syn=False&key=7cfcbbd6819825c6a8ad707f3df63235,2024-07-04 22:55:00.000000,0.0,0.0,0.0,0.0,0.0,0.0,0.0,0.0,0.0,0.0,0.0,0.0,0.0,0.0,0.0
79,103,04/07/2024 19h45,Techtudo,C√≥digos de armas no GTA San Andreas: veja op√ß√µes e itens dispon...,"... nost√°lgico e seu mapa expansivo. Uma das suas features mais legais √© a variedade de armas, contando com 37 no total, e a facilidade... ‚Äî Os c√≥digos de armas do GTA: San Andreas marcaram uma gera√ß√£o de jogadores. O game ficou conhecido um dos jogos de mundo aberto...",//www.globo.com/busca/click?q=%22armas+n%C3%A3o+letais%22&p=104&r=1721082979692&u=https%3A%2F%2Fwww.techtudo.com.br%2Fguia%2F2024%2F06%2Fcodigos-de-armas-no-gta-san-andreas-veja-opcoes-e-itens-disponiveis.ghtml&syn=False&key=a28b59b348bd109510956c7841a30825,2024-07-04 19:45:00.000000,0.0,0.0,0.0,0.0,0.0,0.0,0.0,0.0,0.0,0.0,0.0,0.0,0.0,0.0,0.0
80,100,04/07/2024 00h00,G1,Fam√≠lia aguarda h√° quase 8 meses por laudo 3D sobre morte de to...,"... menos letais, como as ""bean bags"". Todos foram ouvidos pelo DHPP. 
Outro PM aponta arma para homem durante a confus√£o
Reprodu√ß√£o... ‚Äî .... A arma de outro PM, tamb√©m usada para atirar muni√ß√£o menos letal, teria falhado no momento do disparo. 
Fotografia do laudo...",//www.globo.com/busca/click?q=%22armas+n%C3%A3o+letais%22&p=101&r=1721082979636&u=https%3A%2F%2Fg1.globo.com%2Fsp%2Fsao-paulo%2Fnoticia%2F2024%2F07%2F03%2Ffamilia-aguarda-ha-quase-8-meses-por-laudo-3d-sobre-morte-de-torcedor-do-sao-paulo-atingido-por-disparo-de-bean-bag-dado-por-pm.ghtml&syn=False&key=a8aa02dd269f714b1e219c480755cb30,2024-07-04 00:00:00.000000,0.0,0.0,1.0,0.0,0.0,0.0,0.0,0.0,0.0,0.0,0.0,0.0,0.0,0.0,0.0
81,38,03/07/2024 17h40,O Globo,'Rob√¥s assassinos': Ucr√¢nia aposta em armas movidas por intelig...,"... de dist√¢ncia e pular entre posi√ß√µes pr√©-programadas para cobrir rapidamente uma √°rea ampla. A empresa que fabrica a arma, DevDroid... ‚Äî ... em uma arma do futuro. Para demonstr√°-la, Oleksii Babenko, de 25 anos, CEO da Vyriy, subiu em sua motocicleta e desceu por um caminho...",//www.globo.com/busca/click?q=%22armas+n%C3%A3o+letais%22&p=39&r=1721082978702&u=https%3A%2F%2Foglobo.globo.com%2Fmundo%2Fnoticia%2F2024%2F07%2F03%2Frobos-assassinos-ucrania-aposta-em-armas-movidas-por-inteligencia-artificial-para-ganhar-vantagem-na-guerra-contra-a-russia.ghtml&syn=False&key=84eca5538a9754aa230a2beca036912b,2024-07-03 17:40:00.000000,0.0,0.0,0.0,0.0,0.0,0.0,0.0,0.0,0.0,0.0,0.0,0.0,0.0,0.0,0.0
82,120,28/06/2024 18h52,G1,'Massacre de Parais√≥polis': Batalh√£o da PM respons√°vel por a√ß√£o...,"... como ""Massacre de Parais√≥polis"" √© o mais letal da cidade de S√£o Paulo, segundo relat√≥rio do Centro de Antropologia e Arqueologia... ‚Äî ... nos √∫ltimos dez anos.
Em contrapartida, oito policiais morreram na √°rea do 16¬∞ BPM/M em uma d√©cada, 3 em servi√ßo e 5 de folga.
A √°rea...",//www.globo.com/busca/click?q=%22armas+n%C3%A3o+letais%22&p=121&r=1721093819643&u=https%3A%2F%2Fg1.globo.com%2Fsp%2Fsao-paulo%2Fnoticia%2F2024%2F06%2F28%2Fmassacre-de-paraisopolis-batalhao-da-pm-responsavel-por-acao-que-deixou-9-mortos-e-o-mais-letal-da-cidade-de-sao-paulo-nos-ultimos-10-anos-aponta-relatorio.ghtml&syn=False&key=875233d1c75634b8d36b954c3fa07663,2024-06-28 18:52:00.000000,0.0,0.0,0.0,0.0,0.0,0.0,0.0,0.0,0.0,0.0,0.0,0.0,0.0,0.0,0.0
83,1,26/06/2024 15h37,G1,GCM mant√©m uso de arma n√£o letal na Cracol√¢ndia mesmo ap√≥s proi...,"... Civil Metropolitana (GCM) manteve o uso de armas n√£o letais nas a√ß√µes na Cracol√¢ndia, no Centro da capital, mesmo ap√≥s proibi√ß√£o...",//www.globo.com/busca/click?q=%22armas+n%C3%A3o+letais%22&p=2&r=1721093759414&u=https%3A%2F%2Fg1.globo.com%2Fsp%2Fsao-paulo%2Fnoticia%2F2024%2F06%2F26%2Fgcm-mantem-uso-de-arma-nao-letal-na-cracolandia-mesmo-apos-proibicao-da-justica.ghtml&syn=False&key=7ea6076fb374f966f39ee01963574a55,2024-06-26 15:37:00.000000,0.0,0.0,0.0,0.0,0.0,0.0,0.0,0.0,0.0,0.0,0.0,0.0,0.0,1.0,0.0
84,0,26/06/2024 13h04,SP1,GCMs usam armas n√£o letais mesmo depois de decis√£o judicial,Prefeitura disse que ainda n√£o foi intimada da decis√£o da justi√ßa,//www.globo.com/busca/click?q=%22armas+n%C3%A3o+letais%22&p=1&r=1721093759408&u=https%3A%2F%2Fg1.globo.com%2Fsp%2Fsao-paulo%2Fsp1%2Fvideo%2Fgcms-usam-armas-nao-letais-mesmo-depois-de-decisao-judicial-12709678.ghtml&syn=False&key=752b6f7b4f3651dff102485bc8a4aea3,2024-06-26 13:04:00.000000,0.0,0.0,0.0,0.0,0.0,0.0,0.0,0.0,0.0,0.0,0.0,0.0,0.0,0.0,0.0
85,62,21/06/2024 21h36,O Globo,Putin adverte Coreia do Sul sobre envio de armas √† Ucr√¢nia ap√≥s...,"... em um sinal de protesto, informou o The Guardian. 
‚Äî Enviar armas letais para a Ucr√¢nia para zonas de combate seria um grande erro... ‚Äî ..., mas nunca exportou armas, em conson√¢ncia a uma pol√≠tica de longa data do pa√≠s de n√£o armar pa√≠ses em conflito.
O posicionamento...",//www.globo.com/busca/click?q=%22armas+n%C3%A3o+letais%22&p=63&r=1721093817442&u=https%3A%2F%2Foglobo.globo.com%2Fmundo%2Fnoticia%2F2024%2F06%2F21%2Fputin-adverte-coreia-do-sul-sobre-envio-de-armas-a-ucrania-apos-acordo-de-russia-e-coreia-do-norte-grande-erro.ghtml&syn=False&key=5a0fec387375e6161740e01eeae6c0ff,2024-06-21 21:36:00.000000,0.0,0.0,0.0,0.0,0.0,0.0,0.0,0.0,0.0,0.0,0.0,0.0,0.0,0.0,0.0
86,61,18/06/2024 14h28,O Globo,Atlas da Viol√™ncia: Brasil teve 62 jovens assassinados por dia ...,"...% da viol√™ncia letal contra a juventude. Os n√∫meros, no entanto, ainda s√£o considerados altos. 

A Bahia √© o estado brasileiro onde h√° mais... ‚Äî .... 
O relat√≥rio estima que s√≥ as armas de fogo tenham tirado 12,3 milh√µes de anos de vida de jovens brasileiros que foram mortos em 10 anos...",//www.globo.com/busca/click?q=%22armas+n%C3%A3o+letais%22&p=62&r=1721093817439&u=https%3A%2F%2Foglobo.globo.com%2Fbrasil%2Fnoticia%2F2024%2F06%2F18%2Fatlas-da-violencia-brasil-teve-62-jovens-assassinados-por-dia-em-2022-a-maioria-por-armas-de-fogo.ghtml&syn=False&key=be4502681299b8c9fc973baf69c6f4e8,2024-06-18 14:28:00.000000,0.0,0.0,0.0,0.0,1.0,1.0,0.0,0.0,0.0,0.0,0.0,0.0,0.0,0.0,0.0
87,134,14/06/2024 16h58,O Globo,"Em c√∫pula do G7, Lula e Milei dividem primeira agenda internaci...","... Francisco pede no G7 a proibi√ß√£o de 'armas aut√¥nomas letais'
Am√©rica do Sul: L√≠deres do G7 criticam decis√£o da Venezuela de retirar... ‚Äî ... Artificial e Energia, a mesma em que o Papa Francisco discursou pela proibi√ß√£o de ""armas aut√¥nomas letais"". Fotografados...",//www.globo.com/busca/click?q=%22armas+n%C3%A3o+letais%22&p=135&r=1721093819845&u=https%3A%2F%2Foglobo.globo.com%2Fmundo%2Fnoticia%2F2024%2F06%2F14%2Fem-cupula-do-g7-lula-e-milei-dividem-primeira-agenda-internacional-de-forma-discreta.ghtml&syn=False&key=072deb293249c2e145f35cd01ee655ee,2024-06-14 16:58:00.000000,0.0,0.0,0.0,0.0,0.0,0.0,0.0,0.0,0.0,0.0,0.0,0.0,0.0,0.0,0.0
88,2,14/06/2024 14h25,O Globo,Papa Francisco pede no G7 a proibi√ß√£o de 'armas aut√¥nomas letai...,"... das armas aut√¥nomas letais, durante um discurso na c√∫pula do G7, que acontece no sul da It√°lia.
Em estreia no G7: Papa far√° alerta para... ‚Äî ... o desenvolvimento e o uso de dispositivos como as chamadas 'armas aut√¥nomas letais', a fim de banir a sua utiliza√ß√£o (...). Nenhuma...",//www.globo.com/busca/click?q=%22armas+n%C3%A3o+letais%22&p=3&r=1721093759418&u=https%3A%2F%2Foglobo.globo.com%2Fmundo%2Fnoticia%2F2024%2F06%2F14%2Fpapa-francisco-pede-no-g7-a-proibicao-das-armas-autonomas-letais.ghtml&syn=False&key=38728d1350280ff43de0e3a0544ca4a3,2024-06-14 14:25:00.000000,0.0,0.0,0.0,0.0,0.0,0.0,0.0,0.0,0.0,0.0,0.0,0.0,0.0,0.0,0.0
89,22,11/06/2024 16h15,NCIS Hawai'i,Dividir e Conquistar,"Ap√≥s uma emboscada devastadora com uma arma biol√≥gica letal, a equipe deve rastrear um misterioso grupo terrorista antes que eles ataquem novamente. O tempo √© o pior inimigo deles.",//www.globo.com/busca/click?q=%22armas+n%C3%A3o+letais%22&p=23&r=1721093816865&u=https%3A%2F%2Fgloboplay.globo.com%2Fv%2F12667798%2F&syn=False&key=b0b5d0c5b357bf96268d6a2157e67f29,2024-06-11 16:15:00.000000,0.0,0.0,0.0,0.0,0.0,0.0,0.0,0.0,0.0,0.0,0.0,0.0,0.0,0.0,0.0
90,86,29/05/2024 15h28,G1,Ladr√µes invadem casa e furtam cole√ß√£o de armas de airsoft em Fr...,"... de dentro da resid√™ncia com diversas armas - segundo a pol√≠cia todas n√£o letais, com disparos de proj√©teis de pl√°stico maci√ßos... ‚Äî C√¢meras de seguran√ßa registram furto de armas de airsoft em casa de Franca, SP
Ladr√µes furtaram uma cole√ß√£o de armas de airsoft...",//www.globo.com/busca/click?q=%22armas+n%C3%A3o+letais%22&p=87&r=1721083772660&u=https%3A%2F%2Fg1.globo.com%2Fsp%2Fribeirao-preto-franca%2Fnoticia%2F2024%2F05%2F29%2Fladroes-invadem-casa-e-furtam-colecao-de-armas-de-airsoft-em-franca-sp-video.ghtml&syn=False&key=9c57f3e5aa0e854096defc71c836fb16,2024-05-29 15:28:00.000000,0.0,0.0,1.0,0.0,0.0,0.0,0.0,0.0,0.0,0.0,0.0,0.0,0.0,1.0,0.0
91,71,24/04/2024 06h00,marieclaire,Armas de fogo e a vitimiza√ß√£o de mulheres,"Qual √© o impacto da flexibiliza√ß√£o de acesso √†s armas de fogo nos √≠ndices de viol√™ncia contra mulheres e feminic√≠dio
Ilustra√ß√£o... ‚Äî ... praticada com arma de fogo contra as mulheres no nosso pa√≠s, evidenciando o custo social e humano da viol√™ncia armada para...",//www.globo.com/busca/click?q=%22armas+n%C3%A3o+letais%22&p=72&r=1721093817463&u=https%3A%2F%2Frevistamarieclaire.globo.com%2Fblogs%2Fsilvia-chakian%2Fnoticia%2F2024%2F04%2Farmas-de-fogo-e-a-vitimizacao-de-mulheres.ghtml&syn=False&key=ca9369a1c4012afe73b6d625c5ff6548,2024-04-24 06:00:00.000000,0.0,0.0,0.0,0.0,0.0,0.0,0.0,0.0,0.0,0.0,0.0,0.0,0.0,0.0,0.0
92,10,26/03/2024 22h09,monet,Marido de estrela de reality pede ordem de restri√ß√£o contra a e...,"... passada (19), ele foi preso por um ""ataque com arma letal"" envolvendo a companheira e Christian Georges Dumontet, √∫nico filho...",//www.globo.com/busca/click?q=%22armas+n%C3%A3o+letais%22&p=11&r=1721093759456&u=https%3A%2F%2Frevistamonet.globo.com%2Fcelebridades%2Fnoticia%2F2024%2F03%2Fmarido-de-estrela-de-reality-pede-ordem-de-restricao-contra-a-esposa-apos-ser-preso-por-ataque-com-arma-letal.ghtml&syn=False&key=acb28b32e89c6dc1f0fec82522c414cb,2024-03-26 22:09:00.000000,0.0,0.0,0.0,0.0,0.0,0.0,0.0,0.0,0.0,0.0,0.0,0.0,0.0,0.0,0.0
93,17,31/01/2024 17h10,O Globo,"De sa√≠da da Justi√ßa, Dino afirma que crimes violentos letais ca...","... de crimes violentos, letais, intencionais no pa√≠s em 2023, enquanto foi registrado um aumento de 25,5% na apreens√£o de armas ilegais... ‚Äî ... violentos, letais, intencionais, uma redu√ß√£o de 4,17% em rela√ß√£o a 2022, quando foram registrados 42.190. J√° sobre armas, Dino afirmou...",//www.globo.com/busca/click?q=%22armas+n%C3%A3o+letais%22&p=18&r=1721093816802&u=https%3A%2F%2Foglobo.globo.com%2Fbrasil%2Fnoticia%2F2024%2F01%2F31%2Fdino-balanco.ghtml&syn=False&key=0401b32a22d383a0438ae85fd3415f8b,2024-01-31 17:10:00.000000,0.0,0.0,0.0,0.0,0.0,0.0,0.0,0.0,0.0,0.0,0.0,0.0,0.0,0.0,0.0
94,82,26/12/2023 22h51,G1,Piora para grav√≠ssimo estado de sa√∫de de rapaz baleado na cabe√ß...,"... contra o suspeito porque ele n√£o obedeceu aos comandos da Pol√≠cia Militar e tamb√©m porque n√£o surtiu efeito o uso da arma n√£o letal de choque... ‚Äî ....
De acordo com as informa√ß√µes apuradas pelo g1 junto √† Pol√≠cia Civil, houve a necessidade de disparo de arma de fogo...",//www.globo.com/busca/click?q=%22armas+n%C3%A3o+letais%22&p=83&r=1721083772651&u=https%3A%2F%2Fg1.globo.com%2Fsp%2Fpresidente-prudente-regiao%2Fnoticia%2F2023%2F12%2F26%2Fevolui-para-gravissimo-estado-de-saude-de-rapaz-baleado-na-cabeca-por-policia-militar-apos-direcao-perigosa-de-trator-em-taciba.ghtml&syn=False&key=fd4bb58b534dab60adf84a3667a72e03,2023-12-26 22:51:00.000000,0.0,0.0,1.0,0.0,0.0,0.0,0.0,0.0,0.0,0.0,0.0,1.0,0.0,0.0,0.0
95,55,23/12/2023 21h25,G1,PM acerta tiro na cabe√ßa de suspeito de colocar a vida de outra...,"... Militar e tamb√©m porque n√£o surtiu efeito o uso da arma n√£o letal de choque el√©trico, conhecida como taser, pelos policiais... ‚Äî ... √† Pol√≠cia Civil, houve a necessidade de disparo de arma de fogo contra o suspeito porque ele n√£o obedeceu aos comandos da Pol√≠cia...",//www.globo.com/busca/click?q=%22armas+n%C3%A3o+letais%22&p=56&r=1721083504001&u=https%3A%2F%2Fg1.globo.com%2Fsp%2Fpresidente-prudente-regiao%2Fnoticia%2F2023%2F12%2F23%2Fpolicia-militar-tiro-trator-direcao-perigosa-tratorista-taciba.ghtml&syn=False&key=052868838091f9dcbc404fa8c799f46d,2023-12-23 21:25:00.000000,0.0,0.0,1.0,0.0,0.0,0.0,0.0,0.0,0.0,0.0,0.0,1.0,0.0,0.0,0.0
96,65,23/12/2023 03h00,O Globo,Ator Charlie Sheen sofre tentativa de estrangulamento por vizin...,"... como Electra Schrock, foi presa por ataque com arma letal, uso de for√ßa com risco de provocar ferimentos graves e roubo de resid√™ncia...",//www.globo.com/busca/click?q=%22armas+n%C3%A3o+letais%22&p=66&r=1721093817448&u=https%3A%2F%2Foglobo.globo.com%2Fcultura%2Fnoticia%2F2023%2F12%2F23%2Fator-charlie-sheen-sofre-tentativa-de-estrangulamento-por-vizinha-em-casa-nos-eua.ghtml&syn=False&key=4c311e0ec5110ab2ffff00633ba5851d,2023-12-23 03:00:00.000000,0.0,0.0,0.0,0.0,0.0,0.0,0.0,0.0,0.0,0.0,0.0,0.0,0.0,0.0,0.0
97,63,23/12/2023 00h38,G1,Ator Charlie Sheen √© atacado por vizinha em casa nos EUA,"..., foi presa por ataque com arma letal, uso de for√ßa com risco de provocar ferimentos graves e roubo de resid√™ncia.
O site...",//www.globo.com/busca/click?q=%22armas+n%C3%A3o+letais%22&p=64&r=1721093817444&u=https%3A%2F%2Fg1.globo.com%2Fpop-arte%2Fnoticia%2F2023%2F12%2F22%2Fator-charlie-sheen-e-atacado-por-vizinha-em-casa-nos-eua.ghtml&syn=False&key=6e10b189d0c065a5e3a190b857759035,2023-12-23 00:38:00.000000,0.0,0.0,0.0,0.0,0.0,0.0,0.0,0.0,0.0,0.0,0.0,0.0,0.0,0.0,0.0
98,4,24/11/2023 13h19,Meio Dia Paran√° - Londrina,C√¢mara de Vereadores de Londrina quer vigilantes com armas n√£o ...,Seguran√ßa passar√° a usar equipamentos com choque el√©trico.,//www.globo.com/busca/click?q=%22armas+n%C3%A3o+letais%22&p=5&r=1721093759427&u=https%3A%2F%2Fgloboplay.globo.com%2Fv%2F12140992%2F&syn=False&key=1715038651b318580d2039d2bfb8f8fa,2023-11-24 13:19:00.000000,0.0,0.0,0.0,0.0,0.0,0.0,0.0,0.0,0.0,0.0,0.0,0.0,0.0,0.0,0.0
99,6,23/10/2023 22h48,O Globo,"Condor, brasileira de armas n√£o-letais, entra no mercado de c√¢m...","A carioca Condor, uma das maiores fabricantes do mundo de armas n√£o-letais como granadas de g√°s lacrimog√™neo e balas de borracha...",//www.globo.com/busca/click?q=%22armas+n%C3%A3o+letais%22&p=7&r=1721093759437&u=https%3A%2F%2Foglobo.globo.com%2Fblogs%2Fcapital%2Fpost%2F2023%2F10%2Fcondor-brasileira-de-armas-nao-letais-entra-no-mercado-de-camera-corporal-para-policia.ghtml&syn=False&key=4efb774a49e3c00600a87443bc9b5cdc,2023-10-23 22:48:00.000000,1.0,0.0,0.0,0.0,0.0,0.0,0.0,0.0,0.0,1.0,0.0,0.0,0.0,0.0,1.0
100,95,27/09/2023 17h45,G1,"Pol√≠cia investiga se 'bean bag', muni√ß√£o adotada pela PM, ating...","...; e saco apreendido pela per√≠cia que pode ter matado ele. Artefato √© semelhante a 'bean bag', muni√ß√£o menos letal usada pela PM... ‚Äî ... por armas de fogo. Ap√≥s o tiro, o saquinho √© lan√ßado para atingir o alvo. 
Essa muni√ß√£o tem sido adotada de forma gradativa para...",//www.globo.com/busca/click?q=%22armas+n%C3%A3o+letais%22&p=96&r=1721082979627&u=https%3A%2F%2Fg1.globo.com%2Fsp%2Fsao-paulo%2Fnoticia%2F2023%2F09%2F27%2Fpolicia-investiga-se-bean-bag-municao-adotada-pela-pm-atingiu-e-matou-sao-paulino-durante-confronto-com-torcedores-em-sp.ghtml&syn=False&key=9d13301e61478af05d83d100b49b9b94,2023-09-27 17:45:00.000000,0.0,0.0,0.0,0.0,0.0,0.0,0.0,0.0,0.0,0.0,0.0,0.0,0.0,0.0,0.0
101,91,27/09/2023 07h01,G1,Metralhadoras caseiras: Apreens√µes de armas de fogo clandestina...,"... em seguran√ßa p√∫blica s√£o os armamentos caseiros, que al√©m de n√£o serem rastreados podem ser ainda mais letais na compara√ß√£o com uma arma... ‚Äî ... de 2,6 mil armas de fogo foram apreendidas este ano no Esp√≠rito Santo, mas o que tem preocupado autoridades e especialistas...",//www.globo.com/busca/click?q=%22armas+n%C3%A3o+letais%22&p=92&r=1721082979618&u=https%3A%2F%2Fg1.globo.com%2Fes%2Fespirito-santo%2Fnoticia%2F2023%2F09%2F27%2Fmetralhadoras-caseiras-apreensoes-de-armas-de-fogo-clandestinas-aumentam-no-es.ghtml&syn=False&key=620b62cba9f2ea1d2fc57f6abb50c85f,2023-09-27 07:01:00.000000,0.0,0.0,0.0,0.0,0.0,0.0,0.0,0.0,0.0,0.0,0.0,0.0,0.0,0.0,0.0
102,11,03/09/2023 16h45,G1,"'Uso da for√ßa por agentes p√∫blicos deve ser escalonado', diz es...","Fragmentos da bala de borracha
Fernando Moreira/Buritis News
As armas n√£o-letais, como balas de borracha, spray de pimenta e g√°s... ‚Äî .... 
Segundo o secret√°rio de Seguran√ßa de Mogi, Toriel Sardinha, o protocolo de seguran√ßa de uso de arma n√£o-letal foi seguido...",//www.globo.com/busca/click?q=%22armas+n%C3%A3o+letais%22&p=12&r=1721093759461&u=https%3A%2F%2Fg1.globo.com%2Fsp%2Fmogi-das-cruzes-suzano%2Fnoticia%2F2023%2F08%2F28%2Fuso-da-forca-por-agentes-publicos-deve-ser-escalonado-diz-especialista-em-direitos-humanos-sobre-acoes-de-gcms-com-armas-nao-letais.ghtml&syn=False&key=b845ef3a774ebd7f0c15b3d44f9bc18f,2023-09-03 16:45:00.000000,0.0,0.0,0.0,0.0,0.0,0.0,0.0,0.0,0.0,1.0,0.0,0.0,1.0,0.0,1.0
103,9,03/09/2023 11h40,O Globo,GSI ainda n√£o recuperou armas n√£o-letais roubadas no 8 de janei...,"... de janeiro, o Gabinete de Seguran√ßa Institucional ainda n√£o recuperou as oito armas n√£o-letais levadas pelos invasores. 
CPI de 8...",//www.globo.com/busca/click?q=%22armas+n%C3%A3o+letais%22&p=10&r=1721093759451&u=https%3A%2F%2Foglobo.globo.com%2Fblogs%2Flauro-jardim%2Fpost%2F2023%2F09%2Fgsi-ainda-nao-recuperou-armas-nao-letais-roubadas-no-8-de-janeiro.ghtml&syn=False&key=acbfd208ae33d9e8b70d0fbaceacc06b,2023-09-03 11:40:00.000000,0.0,0.0,0.0,0.0,0.0,0.0,0.0,0.0,0.0,0.0,0.0,0.0,0.0,0.0,1.0
104,7,28/08/2023 16h36,Di√°rio TV 1¬™ Edi√ß√£o,Destaque do g1: Armas n√£o letais devem ter protocolos para sere...,"Segundo Adilson Paes de Souza, tenente-coronel aposentado da Pol√≠cia Militar, o ""uso da for√ßa por agentes p√∫blicos deve ser escalonado"".",//www.globo.com/busca/click?q=%22armas+n%C3%A3o+letais%22&p=8&r=1721093759442&u=https%3A%2F%2Fgloboplay.globo.com%2Fv%2F11901103%2F&syn=False&key=10e6cf783115428d453dc9ecd739ca8a,2023-08-28 16:36:00.000000,0.0,0.0,0.0,0.0,0.0,0.0,0.0,0.0,0.0,0.0,0.0,0.0,0.0,0.0,0.0
105,114,11/08/2023 15h46,O Globo,Candidata √† Assembleia Nacional √© alvo de ataque um dia ap√≥s as...,"... com uma pistola traum√°tica"", ou seja, uma arma ""n√£o letal"", ""concebida para causar ao agredido um trauma f√≠sico muito doloroso...",//www.globo.com/busca/click?q=%22armas+n%C3%A3o+letais%22&p=115&r=1721082980059&u=https%3A%2F%2Foglobo.globo.com%2Fmundo%2Fnoticia%2F2023%2F08%2F11%2Fcandidata-a-assembleia-nacional-e-alvo-de-ataque-um-dia-depois-de-assassinato-de-presidenciavel-no-equador.ghtml&syn=False&key=0077de77914050ff7fb3b3a0e928858d,2023-08-11 15:46:00.000000,0.0,0.0,0.0,0.0,0.0,0.0,0.0,0.0,0.0,0.0,0.0,1.0,0.0,0.0,0.0
106,40,08/08/2023 09h36,Bom Dia Amaz√¥nia - AP,Uso de armas letais: guardas Civis de Laranjal do Jari treinam ...,Uso de armas letais: guardas Civis de Laranjal do Jari treinam para o uso de armas.,//www.globo.com/busca/click?q=%22armas+n%C3%A3o+letais%22&p=41&r=1721082978775&u=https%3A%2F%2Fgloboplay.globo.com%2Fv%2F11846846%2F&syn=False&key=071344839ec4300791ee04d88840a95c,2023-08-08 09:36:00.000000,0.0,1.0,0.0,0.0,0.0,0.0,0.0,0.0,0.0,0.0,0.0,0.0,0.0,0.0,0.0
107,44,29/07/2023 23h23,globoesporte.com,√Årbitro ‚Äúderruba‚Äù jogador do Atl√©tico-GO e arma contra-ataque l...,"... da S√©rie B. Aos 45 minutos, o volante Gabriel Baralhas, do Drag√£o trope√ßou no √°rbitro Felipe Fernandes de Lima na entrada da √°rea (veja...",//www.globo.com/busca/click?q=%22armas+n%C3%A3o+letais%22&p=45&r=1721082978789&u=https%3A%2F%2Fge.globo.com%2Fgo%2Ffutebol%2Ftimes%2Fatletico-go%2Fnoticia%2F2023%2F07%2F29%2Farbitro-derruba-jogador-do-atletico-go-e-arma-contra-ataque-letal-para-o-sampaio-correa-video.ghtml&syn=False&key=8042fd9f8f5fb6b8717c7a25d3d4b7bd,2023-07-29 23:23:00.000000,0.0,0.0,0.0,0.0,0.0,0.0,0.0,0.0,0.0,0.0,0.0,0.0,0.0,0.0,0.0
108,117,26/07/2023 00h39,G1,Arsenal apreendido com 28 fuzis vale quase R$ 1 milh√£o; trafica...,"Armas foram apreendidas em loja irregular em Dourados. 
Pol√≠cia Civil/Reprodu√ß√£o
Ao todo, 28 fuzis foram apreendidos em opera√ß√£o... ‚Äî ... do Departamento de Repress√£o √† Corrup√ß√£o e ao Crime Organizado (Dracco), nesta ter√ßa-feira (25), em Dourados (MS). Al√©m das armas...",//www.globo.com/busca/click?q=%22armas+n%C3%A3o+letais%22&p=118&r=1721082980067&u=https%3A%2F%2Fg1.globo.com%2Fms%2Fmato-grosso-do-sul%2Fnoticia%2F2023%2F07%2F25%2Farsenal-apreendido-com-28-fuzis-vale-quase-r-1-milhao-traficante-era-cliente-de-loja-irregular.ghtml&syn=False&key=8bb07b03392221f487cb7c8266880ff1,2023-07-26 00:39:00.000000,0.0,0.0,0.0,0.0,0.0,0.0,0.0,0.0,0.0,0.0,0.0,0.0,0.0,0.0,0.0
109,12,18/05/2023 19h27,G1,Sete presos s√£o levados para atendimento em UPA ap√≥s uso de arm...,"... n√£o letal precisou ser utilizado no caso de detentos que se recusaram a seguir o procedimento. N√£o houve registro de rebeli√£o... ‚Äî ... levados para atendimento em UPA ap√≥s uso de equipamentos n√£o letais durante fiscaliza√ß√£o em cadeia de Guarapuava
William Batista...",//www.globo.com/busca/click?q=%22armas+n%C3%A3o+letais%22&p=13&r=1721093759465&u=https%3A%2F%2Fg1.globo.com%2Fpr%2Fcampos-gerais-sul%2Fnoticia%2F2023%2F05%2F18%2Fsete-presos-sao-levados-para-atendimento-em-upa-apos-uso-de-armas-nao-letais-durante-fiscalizacao-em-cadeia-de-guarapuava.ghtml&syn=False&key=cb54214ed7007a1df1315138c5f058a9,2023-05-18 19:27:00.000000,0.0,0.0,0.0,0.0,0.0,0.0,0.0,0.0,0.0,0.0,0.0,1.0,0.0,1.0,0.0
110,49,18/04/2023 21h15,G1,"Airsoft: arma usada em curso de tiro para crian√ßas n√£o √© letal,...","Airsoft: arma usada em curso de tiro para crian√ßas n√£o √© letal, mas pode cegar
Um v√≠deo de divulga√ß√£o do curso para mirins... ‚Äî ... por segundo. N√£o s√£o consideradas letais, mas podem machucar e at√© cegar uma pessoa. 
‚ÄúMe chocou ver crian√ßas apontando armas muito...",sem link,2023-04-18 21:15:00.000000,0.0,0.0,0.0,0.0,0.0,0.0,0.0,0.0,0.0,0.0,0.0,0.0,0.0,0.0,0.0
111,35,18/04/2023 18h13,Fant√°stico,"Airsoft: arma usada em curso de tiro para crian√ßas n√£o √© letal,...","As esferas de PVC atingem velocidades de 50 a 200 metros por segundo. N√£o s√£o consideradas letais, mas podem machucar e at√© cegar... ‚Äî ... uma pessoa. ‚ÄúMe chocou ver crian√ßas apontando armas muito parecidas com armas reais"", diz conselheiro do F√≥rum Brasileiro de Seguran√ßa P√∫blica....",//www.globo.com/busca/click?q=%22armas+n%C3%A3o+letais%22&p=36&r=1721082978694&u=https%3A%2F%2Fgloboplay.globo.com%2Fv%2F11546196%2F&syn=False&key=ffd25a3fb15de9a38de2add4edccc3cd,2023-04-18 18:13:00.000000,0.0,0.0,0.0,0.0,0.0,0.0,0.0,0.0,0.0,0.0,0.0,0.0,0.0,0.0,0.0
112,14,12/04/2023 01h24,O Globo,Condor re√∫ne 80 profissionais de seus laborat√≥rios de testes de...,"A Condor Tecnologias, de armamentos n√£o letais, ter√° a partir deste ano 80 profissionais da √°rea de pesquisa e desenvolvimento...",//www.globo.com/busca/click?q=%22armas+n%C3%A3o+letais%22&p=15&r=1721093759473&u=https%3A%2F%2Foglobo.globo.com%2Fblogs%2Fpense-grande%2Fpost%2F2023%2F04%2Fcondor-reune-80-profissionais-de-seus-laboratorios-de-testes-em-centro-de-ciencia-e-tecnologia-na-baixada-fluminense.ghtml&syn=False&key=53630ca6bf78622a455f65c9ab840bb1,2023-04-12 01:24:00.000000,1.0,0.0,0.0,0.0,0.0,0.0,0.0,0.0,0.0,0.0,0.0,0.0,0.0,1.0,0.0
113,54,16/03/2023 07h26,globoesporte.com,An√°lise: Botafogo √© letal e usa bem a bola parada como arma; ve...,"A dramaticidade da classifica√ß√£o frente ao Sergipe deu lugar a uma avalanche de gols do Botafogo na goleada por 7 a 1 sobre o Brasiliense, quarta-feira, no Esp√≠rito Santo. Miss√£o cumprida, com motivos para comemorar, mas ainda muitas coisas que ainda podem mel...",//www.globo.com/busca/click?q=%22armas+n%C3%A3o+letais%22&p=55&r=1721083503998&u=https%3A%2F%2Fge.globo.com%2Ffutebol%2Ftimes%2Fbotafogo%2Fnoticia%2F2023%2F03%2F16%2Fanalise-botafogo-e-letal-e-usa-bem-a-bola-parada-como-arma-veja-o-que-deu-certo-e-errado.ghtml&syn=False&key=7a38a82e728a06d34c7a8558636d1241,2023-03-16 07:26:00.000000,0.0,0.0,0.0,0.0,0.0,0.0,0.0,0.0,0.0,0.0,0.0,0.0,0.0,0.0,0.0
114,56,23/01/2023 20h11,MTTV 2¬™ Edi√ß√£o - Cuiab√°,Fam√≠lia contesta vers√£o da PM sobre morte de homem que usava ar...,Fam√≠lia contesta vers√£o da PM sobre morte de homem que usava arma n√£o letal em Sinop,//www.globo.com/busca/click?q=%22armas+n%C3%A3o+letais%22&p=57&r=1721083504004&u=https%3A%2F%2Fgloboplay.globo.com%2Fv%2F11304861%2F&syn=False&key=4053fbc81ac28b067ce839c68ae5e03f,2023-01-23 20:11:00.000000,0.0,0.0,0.0,0.0,0.0,0.0,1.0,0.0,0.0,0.0,0.0,1.0,0.0,0.0,0.0
115,18,16/12/2022 15h26,G1,PM implementa novas estrat√©gias para 2023: equipes dever√£o usar...,"... portar armamentos n√£o-letais no policiamento de rua, al√©m das armas convencionais.
De acordo com o secret√°rio, tal medida s√≥ ser√°... ‚Äî ... (de pimenta), armas de choque e muni√ß√µes de elastano (borracha) ‚Äî que ser√£o distribu√≠dos estrategicamente entre todas as unidades operacionais da Secretaria de Estado da Pol√≠cia Militar. ...",sem link,2022-12-16 15:26:00.000000,0.0,0.0,0.0,0.0,0.0,0.0,0.0,0.0,0.0,0.0,0.0,0.0,0.0,0.0,1.0
116,46,20/10/2022 13h36,epocanegocios,"Pol√≠cia de Oakland, nos EUA, estuda usar rob√¥s com armas letais","..., com exce√ß√£o da distribui√ß√£o de spray de pimenta. ‚ÄúN√£o iremos armar rob√¥s com muni√ß√µes letais t√£o cedo‚Äù, afirmou Daza-Quiroz... ‚Äî ... de Oakland, nos Estados Unidos, tem planejado o lan√ßamento de m√°quinas equipadas com muni√ß√µes letais em certas ocorr√™ncias. A revela√ß√£o...",//www.globo.com/busca/click?q=%22armas+n%C3%A3o+letais%22&p=47&r=1721083503946&u=https%3A%2F%2Fepocanegocios.globo.com%2Ftecnologia%2Fnoticia%2F2022%2F10%2Fpolicia-de-oakland-nos-eua-estuda-usar-robos-com-armas-letais.ghtml&syn=False&key=7b863dfd0b86a7906c0a06e22fa870c3,2022-10-20 13:36:00.000000,0.0,0.0,0.0,0.0,0.0,0.0,0.0,0.0,0.0,0.0,0.0,0.0,0.0,0.0,0.0
117,16,15/09/2022 10h26,Marie Claire,Soraya Thronicke prop√µe 'armas n√£o letais para as mulheres se d...,"... a autodefesa armada'
	

	¬†

	Soraya prop√µe a amplia√ß√£o da rede Casa da Mulher Brasileira, distribui√ß√£o de armas n√£o letais e aulas... ‚Äî ... disso e tenho um projeto de lei que prop√µe armas n√£o letais para as mulheres poderem se defender. Tamb√©m tem o projeto de lei...",//www.globo.com/busca/click?q=%22armas+n%C3%A3o+letais%22&p=17&r=1721093816797&u=https%3A%2F%2Frevistamarieclaire.globo.com%2FFeminismo%2FPolitica%2Fnoticia%2F2022%2F09%2Fsoraya-thronicke-propoe-armas-nao-letais-para-mulheres-se-defenderem.html&syn=False&key=94ed7e6ecad3920ac15df27a460f4575,2022-09-15 10:26:00.000000,0.0,0.0,0.0,0.0,0.0,0.0,0.0,0.0,0.0,0.0,0.0,0.0,0.0,1.0,0.0
118,131,26/07/2022 12h27,globoesporte.com,Fluminense pede √† PM posicionamento sobre relatos de agress√µes ...,"... que vai verificar a ocorr√™ncia.
Alguns v√≠deos publicados mostram policiais atirando com armas n√£o-letais e spray de pimenta em dire√ß√£o...",//www.globo.com/busca/click?q=%22armas+n%C3%A3o+letais%22&p=132&r=1721093819756&u=https%3A%2F%2Fge.globo.com%2Ffutebol%2Ftimes%2Ffluminense%2Fnoticia%2F2022%2F07%2F25%2Ffluminense-pede-a-pm-posicionamento-sobre-relatos-de-agressoes-em-volta-redonda.ghtml&syn=False&key=8cb767e1ff69b9bbe174f2c19f35a072,2022-07-26 12:27:00.000000,0.0,0.0,0.0,0.0,0.0,0.0,0.0,0.0,0.0,0.0,0.0,0.0,0.0,0.0,1.0
119,28,14/06/2022 16h29,G1,Ap√≥s homem esquizofr√™nico ser morto a tiros por guarda durante ...,"...) que possui apenas quatro armas n√£o letais, de choque, para os 122 agentes que a cidade possui atualmente. Segundo a fam√≠lia de Bruno... ‚Äî ... atendida a tempo de o homem come√ßar a atacar.
""A Corpora√ß√£o possui armas n√£o letais, por√©m, o n√∫mero n√£o √© suficiente para equipar...",//www.globo.com/busca/click?q=%22armas+n%C3%A3o+letais%22&p=29&r=1721093816893&u=https%3A%2F%2Fg1.globo.com%2Fsp%2Fcampinas-regiao%2Fnoticia%2F2022%2F06%2F14%2Fapos-homem-esquizofrenico-ser-morto-a-tiros-por-guarda-durante-surto-gm-de-vinhedo-diz-que-tem-4-armas-nao-letais-para-122-agentes.ghtml&syn=False&key=6ec72b769ecf7c3f09b07c2b7c6d6001,2022-06-14 16:29:00.000000,0.0,0.0,0.0,0.0,0.0,0.0,0.0,0.0,0.0,0.0,0.0,0.0,0.0,1.0,0.0
120,83,25/05/2022 10h47,√âpoca Neg√≥cios,Ataque mais letal em escola dos EUA em quase uma d√©cada leva Bi...,"... tiroteio mais letal nos Estados Unidos em quase uma d√©cada, levando o presidente dos EUA, Joe Biden, a pedir aos norte-americanos... ‚Äî ... que enfrentem o lobby de armas do pa√≠s e pressionem o Congresso a endurecer as leis sobre armas.

	+¬†Papa lamenta massacre no...",//www.globo.com/busca/click?q=%22armas+n%C3%A3o+letais%22&p=84&r=1721083772654&u=https%3A%2F%2Fepocanegocios.globo.com%2FMundo%2Fnoticia%2F2022%2F05%2Fepoca-negocios-ataque-mais-letal-em-escola-dos-eua-em-quase-uma-decada-leva-biden-a-pedir-acao-contra-armas.html&syn=False&key=c48ec629ed550c39278b1cbe68c06d95,2022-05-25 10:47:00.000000,0.0,0.0,0.0,0.0,0.0,0.0,0.0,0.0,0.0,0.0,0.0,0.0,0.0,0.0,0.0
121,81,07/03/2022 08h50,Bom Dia Cidade ‚Äì Sul de Minas,Guarda Municipal de Varginha recebe armas letais e de borracha ...,Guarda Municipal de Varginha recebe armas letais e de borracha ap√≥s treinamentos,//www.globo.com/busca/click?q=%22armas+n%C3%A3o+letais%22&p=82&r=1721083772648&u=https%3A%2F%2Fgloboplay.globo.com%2Fv%2F10363183%2F&syn=False&key=d3774fb70ced6a1fb29db4f53731de57,2022-03-07 08:50:00.000000,0.0,1.0,0.0,0.0,0.0,0.0,0.0,0.0,0.0,0.0,0.0,0.0,0.0,0.0,0.0
122,64,19/11/2021 00h03,G1,4 inventores que criaram armas super-letais e se arrependeram,"... sem avaliar o poder destrutivo das suas cria√ß√µes, acabaram por dar origem a algumas das armas mais letais da hist√≥ria.
Compartilhe... ‚Äî ... que estivesse criando algo que poderia ser utilizado como arma: o agente laranja.
Sua √°rea de estudo se concentrava nos horm√¥nios...",//www.globo.com/busca/click?q=%22armas+n%C3%A3o+letais%22&p=65&r=1721093817446&u=https%3A%2F%2Fg1.globo.com%2Finovacao%2Fnoticia%2F2021%2F11%2F18%2F4-inventores-que-criaram-armas-super-letais-e-se-arrependeram.ghtml&syn=False&key=0dd108f0305434b8a1d9ca4a37a82792,2021-11-19 00:03:00.000000,0.0,0.0,0.0,0.0,0.0,0.0,0.0,0.0,0.0,0.0,0.0,0.0,0.0,0.0,0.0
123,94,22/10/2021 16h18,Globo Esporte PB,Cruz das Armas √© letal e vence Valentina pela Copa Jo√£o Pessoa ...,Resultado final foi de 1 a 0 para o Cruz das Armas,//www.globo.com/busca/click?q=%22armas+n%C3%A3o+letais%22&p=95&r=1721082979625&u=https%3A%2F%2Fgloboplay.globo.com%2Fv%2F9973250%2F&syn=False&key=fdef07c7a6ef84cfa20fba1fecc92f11,2021-10-22 16:18:00.000000,0.0,0.0,0.0,0.0,0.0,0.0,0.0,0.0,0.0,0.0,0.0,0.0,0.0,0.0,0.0
124,125,15/09/2021 08h20,Bom Dia Paran√°,Guarda Municipal afirmou no B.O. que trocou a muni√ß√£o da arma p...,"Um jovem de 22 anos morreu baleado, e outras duas pessoas ficaram feridas durante uma abordagem da Guarda Municipal de Curitiba, no s√°bado (11)",//www.globo.com/busca/click?q=%22armas+n%C3%A3o+letais%22&p=126&r=1721093819660&u=https%3A%2F%2Fgloboplay.globo.com%2Fv%2F9859321%2F&syn=False&key=04fa55f8bd429d90eb117618c2bddec2,2021-09-15 08:20:00.000000,0.0,1.0,0.0,0.0,0.0,0.0,0.0,1.0,0.0,0.0,0.0,0.0,0.0,0.0,0.0
125,84,02/08/2021 11h14,G1 RS,Aglomera√ß√£o na Orla do Gua√≠ba √© dispersada com arma n√£o-letal,Grupo de pessoas que j√° tem hist√≥rico de brigas era monitorado pela Guarda Municipal.,//www.globo.com/busca/click?q=%22armas+n%C3%A3o+letais%22&p=85&r=1721083772656&u=https%3A%2F%2Fg1.globo.com%2Frs%2Frio-grande-do-sul%2Fvideo%2Faglomeracao-na-orla-do-guaiba-e-dispersada-com-arma-nao-letal-9734618.ghtml&syn=False&key=12d89c0fba14d952d2ea2e24c541a25e,2021-08-02 11:14:00.000000,0.0,1.0,0.0,0.0,0.0,0.0,0.0,0.0,0.0,0.0,0.0,0.0,0.0,0.0,0.0
126,122,16/06/2021 23h40,G1,Policial penal confessa uso de arma letal em troca de tiros que...,"... confessou em depoimento ter utilizado uma arma letal durante a troca de tiros que deixou uma pessoa morta na Penitenci√°ria Jos√© Edson... ‚Äî ... n√£o letais, contudo, um proj√©til foi encontrado no cr√¢nio da v√≠tima e o mesmo era de arma de fogo.
""Acabou que um agente...",//www.globo.com/busca/click?q=%22armas+n%C3%A3o+letais%22&p=123&r=1721093819650&u=https%3A%2F%2Fg1.globo.com%2Fmg%2Fzona-da-mata%2Fnoticia%2F2021%2F06%2F16%2Fpolicial-penal-confessa-uso-de-arma-letal-em-troca-de-tiros-que-deixou-um-morto-em-penitenciaria-em-juiz-de-fora.ghtml&syn=False&key=123448191b330777e5af46c51969e162,2021-06-16 23:40:00.000000,0.0,0.0,0.0,0.0,0.0,0.0,0.0,0.0,0.0,0.0,0.0,0.0,0.0,1.0,0.0
127,109,16/06/2021 19h56,MGTV 2¬™ Edi√ß√£o ‚Äì Zona da Mata,Arma letal foi usada em troca de tiros em frente a penitenci√°ri...,O caso aconteceu em maio e resultou na morte uma pessoa. Agentes penitenci√°rios prestaram depoimento na ter√ßa-feira (15) e informa√ß√µes mudaram o rumo das investiga√ß√µes.,//www.globo.com/busca/click?q=%22armas+n%C3%A3o+letais%22&p=110&r=1721082980045&u=https%3A%2F%2Fgloboplay.globo.com%2Fv%2F9610273%2F&syn=False&key=58211254d19aede8cf045aa9928ff7dd,2021-06-16 19:56:00.000000,0.0,0.0,0.0,0.0,0.0,0.0,1.0,0.0,0.0,0.0,0.0,0.0,0.0,0.0,0.0
128,29,07/06/2021 14h45,G1 PE,Armas n√£o letais: como devem ser utilizadas para n√£o causar fer...,"O Fant√°stico foi at√© o centro de treinamento de umas das maiores fornecedoras de armas n√£o letais do mundo, que fornece balas...",//www.globo.com/busca/click?q=%22armas+n%C3%A3o+letais%22&p=30&r=1721093816898&u=https%3A%2F%2Fg1.globo.com%2Fpe%2Fpernambuco%2Fvideo%2Farmas-nao-letais-como-devem-ser-utilizadas-para-nao-causar-ferimentos-graves-ou-mortes-9581703.ghtml&syn=False&key=4073300a41f99e1ac7df795cccc22c26,2021-06-07 14:45:00.000000,0.0,0.0,0.0,0.0,0.0,0.0,0.0,0.0,0.0,1.0,0.0,0.0,0.0,1.0,0.0
129,60,28/03/2021 00h05,blogs,Guarda legal sem arma letal,"... de desrespeitos √† coletividade, sem necessidade do ‚Äúargumento‚Äù letal da arma mortal.
Alguns guardas aspiram ao porte de arma de fogo... ‚Äî ... vez menos n√≠tida a linha que separa a arma legal da ilegal. A prefeitura mencionou a mil√≠cia entre os setores a serem combatidos...",sem link,2021-03-28 00:05:00.000000,0.0,1.0,0.0,0.0,0.0,0.0,0.0,0.0,0.0,0.0,0.0,0.0,0.0,0.0,0.0
130,59,28/03/2021 00h05,blogs,Guarda legal sem arma letal,"... de desrespeitos √† coletividade, sem necessidade do ‚Äúargumento‚Äù letal da arma mortal.
Alguns guardas aspiram ao porte de arma de fogo... ‚Äî ... vez menos n√≠tida a linha que separa a arma legal da ilegal. A prefeitura mencionou a mil√≠cia entre os setores a serem combatidos...",sem link,2021-03-28 00:05:00.000000,0.0,1.0,0.0,0.0,0.0,0.0,0.0,0.0,0.0,0.0,0.0,0.0,0.0,0.0,0.0
131,39,11/08/2020 10h35,Bom Dia ES,"Armas n√£o letais s√£o usadas no combate a crimes, no ES",Pistola de choque e spray de pimenta s√£o as mais comuns.,//www.globo.com/busca/click?q=%22armas+n%C3%A3o+letais%22&p=40&r=1721082978705&u=https%3A%2F%2Fgloboplay.globo.com%2Fv%2F8767626%2F&syn=False&key=c0d42e7742db2c625e8ba4fc00f3ed5e,2020-08-11 10:35:00.000000,0.0,0.0,0.0,0.0,0.0,0.0,0.0,0.0,0.0,0.0,0.0,0.0,0.0,0.0,0.0
132,37,18/07/2020 01h00,RJ Inter TV 2¬™ Edi√ß√£o *Campos dos Goytacazes (Inter TV Plan√≠cie),Policiais participam de atividade para manusear armas n√£o letai...,A√ß√£o foi nesta quinta-feira (3).,//www.globo.com/busca/click?q=%22armas+n%C3%A3o+letais%22&p=38&r=1721082978699&u=https%3A%2F%2Fgloboplay.globo.com%2Fv%2F7972671%2F&syn=False&key=82d66f2276713432b47d5ef81570947d,2020-07-18 01:00:00.000000,0.0,0.0,0.0,0.0,0.0,0.0,0.0,0.0,0.0,0.0,0.0,0.0,0.0,0.0,0.0
133,50,17/01/2020 16h35,G1,Guarda Municipal recebe verba para compra de baterias de armas ...,"... nesta sexta-feira (17). Segundo a pasta, foram 35 novas baterias compradas com a verba. 
O uso da arma n√£o letal foi autorizado... ‚Äî A arma spark, que imobiliza o indiv√≠duo, est√° entre os itens que ser√£o utilizados pela guarda municipal de Juiz de Fora
Lu√≠s...",//www.globo.com/busca/click?q=%22armas+n%C3%A3o+letais%22&p=51&r=1721083503953&u=https%3A%2F%2Fg1.globo.com%2Fmg%2Fzona-da-mata%2Fnoticia%2F2020%2F01%2F17%2Fguarda-municipal-recebe-verba-para-compra-de-baterias-de-armas-nao-letais-em-juiz-de-fora.ghtml&syn=False&key=3ec6c2c39590be344b12c04d3fd5850a,2020-01-17 16:35:00.000000,0.0,1.0,0.0,0.0,0.0,0.0,0.0,0.0,0.0,0.0,0.0,1.0,0.0,0.0,0.0
134,41,16/07/2019 19h45,DF2,Policiais rodovi√°rios federais recebem treinamento de armas n√£o...,Trinta policiais participaram do curso. O objetivo √© atualizar as t√©cnicas de uso de instrumentos de menor potencial ofensivo.,//www.globo.com/busca/click?q=%22armas+n%C3%A3o+letais%22&p=42&r=1721082978779&u=https%3A%2F%2Fg1.globo.com%2Fdf%2Fdistrito-federal%2Fdf2%2Fvideo%2Fpoliciais-rodoviarios-federais-recebem-treinamento-de-armas-nao-letais-7770000.ghtml&syn=False&key=03277853a452ca17dbfa9ba2ab8762d5,2019-07-16 19:45:00.000000,0.0,0.0,0.0,0.0,0.0,0.0,0.0,0.0,0.0,0.0,0.0,0.0,0.0,0.0,0.0
